"264","264","QR_CODE","1480211570584","27 Nov 2016 12:52:50 PM",""
"265","265","QR_CODE","1480211564574","27 Nov 2016 12:52:44 PM",""
"265","265","QR_CODE","1480211563385","27 Nov 2016 12:52:43 PM",""
"265","265","QR_CODE","1480211561725","27 Nov 2016 12:52:41 PM",""
"266","266","QR_CODE","1480211560352","27 Nov 2016 12:52:40 PM",""
"266","266","QR_CODE","1480211559045","27 Nov 2016 12:52:39 PM",""
"258","258","QR_CODE","1480211557233","27 Nov 2016 12:52:37 PM",""
"253","253","QR_CODE","1480211551696","27 Nov 2016 12:52:31 PM",""
"252","252","QR_CODE","1480211548188","27 Nov 2016 12:52:28 PM",""
"269","269","QR_CODE","1480211544305","27 Nov 2016 12:52:24 PM",""
"270","270","QR_CODE","1480211539307","27 Nov 2016 12:52:19 PM",""
"271","271","QR_CODE","1480211537172","27 Nov 2016 12:52:17 PM",""
"272","272","QR_CODE","1480211532000","27 Nov 2016 12:52:12 PM",""
"272","272","QR_CODE","1480211530503","27 Nov 2016 12:52:10 PM",""
"273","273","QR_CODE","1480211527614","27 Nov 2016 12:52:07 PM",""
"274","274","QR_CODE","1480211525370","27 Nov 2016 12:52:05 PM",""
"275","275","QR_CODE","1480211520554","27 Nov 2016 12:52:00 PM",""
"276","276","QR_CODE","1480211517103","27 Nov 2016 12:51:57 PM",""
"277","277","QR_CODE","1480211512010","27 Nov 2016 12:51:52 PM",""
"293","293","QR_CODE","1480211509776","27 Nov 2016 12:51:49 PM",""
"284","284","QR_CODE","1480211504922","27 Nov 2016 12:51:44 PM",""
"283","283","QR_CODE","1480211501803","27 Nov 2016 12:51:41 PM",""
"282","282","QR_CODE","1480211497538","27 Nov 2016 12:51:37 PM",""
"281","281","QR_CODE","1480211494048","27 Nov 2016 12:51:34 PM",""
"280","280","QR_CODE","1480211489526","27 Nov 2016 12:51:29 PM",""
"279","279","QR_CODE","1480211486408","27 Nov 2016 12:51:26 PM",""
"278","278","QR_CODE","1480211483512","27 Nov 2016 12:51:23 PM",""
"277","277","QR_CODE","1480211478109","27 Nov 2016 12:51:18 PM",""
"276","276","QR_CODE","1480211473528","27 Nov 2016 12:51:13 PM",""
"305","305","QR_CODE","1480211470427","27 Nov 2016 12:51:10 PM",""
"306","306","QR_CODE","1480211467593","27 Nov 2016 12:51:07 PM",""
"307","307","QR_CODE","1480211463752","27 Nov 2016 12:51:03 PM",""
"308","308","QR_CODE","1480211459311","27 Nov 2016 12:50:59 PM",""
"309","309","QR_CODE","1480211456289","27 Nov 2016 12:50:56 PM",""
"310","310","QR_CODE","1480211453024","27 Nov 2016 12:50:53 PM",""
"303","303","QR_CODE","1480211446106","27 Nov 2016 12:50:46 PM",""
"273","273","QR_CODE","1480211443861","27 Nov 2016 12:50:43 PM",""
"272","272","QR_CODE","1480211436462","27 Nov 2016 12:50:36 PM",""
"271","271","QR_CODE","1480211433558","27 Nov 2016 12:50:33 PM",""
"270","270","QR_CODE","1480211430395","27 Nov 2016 12:50:30 PM",""
"269","269","QR_CODE","1480211428523","27 Nov 2016 12:50:28 PM",""
"252","252","QR_CODE","1480211424923","27 Nov 2016 12:50:24 PM",""
"253","253","QR_CODE","1480211421664","27 Nov 2016 12:50:21 PM",""
"258","258","QR_CODE","1480211418491","27 Nov 2016 12:50:18 PM",""
"258","258","QR_CODE","1480211417322","27 Nov 2016 12:50:17 PM",""
"266","266","QR_CODE","1480211414773","27 Nov 2016 12:50:14 PM",""
"265","265","QR_CODE","1480211413135","27 Nov 2016 12:50:13 PM",""
"264","264","QR_CODE","1480211409906","27 Nov 2016 12:50:09 PM",""
"159","159","QR_CODE","1480211406538","27 Nov 2016 12:50:06 PM",""
"160","160","QR_CODE","1480211378971","27 Nov 2016 12:49:38 PM",""
"161","161","QR_CODE","1480211373105","27 Nov 2016 12:49:33 PM",""
"162","162","QR_CODE","1480211369312","27 Nov 2016 12:49:29 PM",""
"163","163","QR_CODE","1480211366197","27 Nov 2016 12:49:26 PM",""
"164","164","QR_CODE","1480211361437","27 Nov 2016 12:49:21 PM",""
"057","057","QR_CODE","1480211357464","27 Nov 2016 12:49:17 PM",""
"056","056","QR_CODE","1480211354650","27 Nov 2016 12:49:14 PM",""
"055","055","QR_CODE","1480211345816","27 Nov 2016 12:49:05 PM",""
"055","055","QR_CODE","1480211344544","27 Nov 2016 12:49:04 PM",""
"054","054","QR_CODE","1480211342376","27 Nov 2016 12:49:02 PM",""
"053","053","QR_CODE","1480211338591","27 Nov 2016 12:48:58 PM",""
"052","052","QR_CODE","1480211333325","27 Nov 2016 12:48:53 PM",""
"051","051","QR_CODE","1480211329211","27 Nov 2016 12:48:49 PM",""
"050","050","QR_CODE","1480211325908","27 Nov 2016 12:48:45 PM",""
"048","048","QR_CODE","1480211322644","27 Nov 2016 12:48:42 PM",""
"047","047","QR_CODE","1480211319018","27 Nov 2016 12:48:39 PM",""
"046","046","QR_CODE","1480211314135","27 Nov 2016 12:48:34 PM",""
"045","045","QR_CODE","1480211310539","27 Nov 2016 12:48:30 PM",""
"071","071","QR_CODE","1480211307929","27 Nov 2016 12:48:27 PM",""
"044","044","QR_CODE","1480211301821","27 Nov 2016 12:48:21 PM",""
"043","043","QR_CODE","1480211299055","27 Nov 2016 12:48:19 PM",""
"311","311","QR_CODE","1480211292366","27 Nov 2016 12:48:12 PM",""
"042","042","QR_CODE","1480211286710","27 Nov 2016 12:48:06 PM",""
"041","041","QR_CODE","1480211283494","27 Nov 2016 12:48:03 PM",""
"081","081","QR_CODE","1480211280077","27 Nov 2016 12:48:00 PM",""
"078","078","QR_CODE","1480211272784","27 Nov 2016 12:47:52 PM",""
"080","080","QR_CODE","1480211264824","27 Nov 2016 12:47:44 PM",""
"039","039","QR_CODE","1480211262054","27 Nov 2016 12:47:42 PM",""
"038","038","QR_CODE","1480211259558","27 Nov 2016 12:47:39 PM",""
"040","040","QR_CODE","1480211255017","27 Nov 2016 12:47:35 PM",""
"042","042","QR_CODE","1480211251700","27 Nov 2016 12:47:31 PM",""
"311","311","QR_CODE","1480211241552","27 Nov 2016 12:47:21 PM",""
"312","312","QR_CODE","1480211235188","27 Nov 2016 12:47:15 PM",""
"314","314","QR_CODE","1480211199441","27 Nov 2016 12:46:39 PM",""
"034","034","QR_CODE","1480211193396","27 Nov 2016 12:46:33 PM",""
"024","024","QR_CODE","1480211189668","27 Nov 2016 12:46:29 PM",""
"023","023","QR_CODE","1480211183539","27 Nov 2016 12:46:23 PM",""
"022","022","QR_CODE","1480211180213","27 Nov 2016 12:46:20 PM",""
"021","021","QR_CODE","1480211176361","27 Nov 2016 12:46:16 PM",""
"020","020","QR_CODE","1480211173158","27 Nov 2016 12:46:13 PM",""
"019","019","QR_CODE","1480211170015","27 Nov 2016 12:46:10 PM",""
"018","018","QR_CODE","1480211166744","27 Nov 2016 12:46:06 PM",""
"017","017","QR_CODE","1480211146288","27 Nov 2016 12:45:46 PM",""
"016","016","QR_CODE","1480211143424","27 Nov 2016 12:45:43 PM",""
"015","015","QR_CODE","1480211138380","27 Nov 2016 12:45:38 PM",""
"014","014","QR_CODE","1480211135522","27 Nov 2016 12:45:35 PM",""
"013","013","QR_CODE","1480211132845","27 Nov 2016 12:45:32 PM",""
"012","012","QR_CODE","1480211126027","27 Nov 2016 12:45:26 PM",""
"011","011","QR_CODE","1480211122994","27 Nov 2016 12:45:22 PM",""
"011","011","QR_CODE","1480211121604","27 Nov 2016 12:45:21 PM",""
"010","010","QR_CODE","1480211119656","27 Nov 2016 12:45:19 PM",""
"009","009","QR_CODE","1480211115724","27 Nov 2016 12:45:15 PM",""
"008","008","QR_CODE","1480211112491","27 Nov 2016 12:45:12 PM",""
"007","007","QR_CODE","1480211107733","27 Nov 2016 12:45:07 PM",""
"006","006","QR_CODE","1480211105751","27 Nov 2016 12:45:05 PM",""
"005","005","QR_CODE","1480211102794","27 Nov 2016 12:45:02 PM",""
"004","004","QR_CODE","1480211099751","27 Nov 2016 12:44:59 PM",""
"003","003","QR_CODE","1480211091772","27 Nov 2016 12:44:51 PM",""
"002","002","QR_CODE","1480211087452","27 Nov 2016 12:44:47 PM",""
"001","001","QR_CODE","1480211077883","27 Nov 2016 12:44:37 PM",""
"221","221","QR_CODE","1480211063722","27 Nov 2016 12:44:23 PM",""
"221","221","QR_CODE","1480211062540","27 Nov 2016 12:44:22 PM",""
"220","220","QR_CODE","1480211059837","27 Nov 2016 12:44:19 PM",""
"220","220","QR_CODE","1480211058541","27 Nov 2016 12:44:18 PM",""
"214","214","QR_CODE","1480211056732","27 Nov 2016 12:44:16 PM",""
"215","215","QR_CODE","1480211053706","27 Nov 2016 12:44:13 PM",""
"216","216","QR_CODE","1480211051664","27 Nov 2016 12:44:11 PM",""
"217","217","QR_CODE","1480211048569","27 Nov 2016 12:44:08 PM",""
"218","218","QR_CODE","1480211043786","27 Nov 2016 12:44:03 PM",""
"218","218","QR_CODE","1480211042573","27 Nov 2016 12:44:02 PM",""
"218","218","QR_CODE","1480211041332","27 Nov 2016 12:44:01 PM",""
"219","219","QR_CODE","1480211038265","27 Nov 2016 12:43:58 PM",""
"220","220","QR_CODE","1480211033007","27 Nov 2016 12:43:53 PM",""
"221","221","QR_CODE","1480211024512","27 Nov 2016 12:43:44 PM",""
"221","221","QR_CODE","1480211023275","27 Nov 2016 12:43:43 PM",""
"209","209","QR_CODE","1480211021104","27 Nov 2016 12:43:41 PM",""
"211","211","QR_CODE","1480211017840","27 Nov 2016 12:43:37 PM",""
"213","213","QR_CODE","1480211011671","27 Nov 2016 12:43:31 PM",""
"132","132","QR_CODE","1480211002907","27 Nov 2016 12:43:22 PM",""
"212","212","QR_CODE","1480210998684","27 Nov 2016 12:43:18 PM",""
"129","129","QR_CODE","1480210993371","27 Nov 2016 12:43:13 PM",""
"213","213","QR_CODE","1480210986767","27 Nov 2016 12:43:06 PM",""
"128","128","QR_CODE","1480210983909","27 Nov 2016 12:43:03 PM",""
"127","127","QR_CODE","1480210978180","27 Nov 2016 12:42:58 PM",""
"126","126","QR_CODE","1480210975677","27 Nov 2016 12:42:55 PM",""
"242","242","QR_CODE","1480210967452","27 Nov 2016 12:42:47 PM",""
"111","111","QR_CODE","1480210960243","27 Nov 2016 12:42:40 PM",""
"111","111","QR_CODE","1480210959090","27 Nov 2016 12:42:39 PM",""
"110","110","QR_CODE","1480210957105","27 Nov 2016 12:42:37 PM",""
"113","113","QR_CODE","1480210948647","27 Nov 2016 12:42:28 PM",""
"118","118","QR_CODE","1480210943421","27 Nov 2016 12:42:23 PM",""
"141","141","QR_CODE","1480210937293","27 Nov 2016 12:42:17 PM",""
"142","142","QR_CODE","1480210932869","27 Nov 2016 12:42:12 PM",""
"143","143","QR_CODE","1480210927700","27 Nov 2016 12:42:07 PM",""
"144","144","QR_CODE","1480210921746","27 Nov 2016 12:42:01 PM",""
"244","244","QR_CODE","1480210914064","27 Nov 2016 12:41:54 PM",""
"245","245","QR_CODE","1480210911627","27 Nov 2016 12:41:51 PM",""
"246","246","QR_CODE","1480210908749","27 Nov 2016 12:41:48 PM",""
"248","248","QR_CODE","1480210902042","27 Nov 2016 12:41:42 PM",""
"249","249","QR_CODE","1480210899072","27 Nov 2016 12:41:39 PM",""
"250","250","QR_CODE","1480210894771","27 Nov 2016 12:41:34 PM",""
"251","251","QR_CODE","1480210891483","27 Nov 2016 12:41:31 PM",""
"267","267","QR_CODE","1480210885035","27 Nov 2016 12:41:25 PM",""
"259","259","QR_CODE","1480210882393","27 Nov 2016 12:41:22 PM",""
"261","261","QR_CODE","1480210879218","27 Nov 2016 12:41:19 PM",""
"262","262","QR_CODE","1480210875149","27 Nov 2016 12:41:15 PM",""
"264","264","QR_CODE","1480210872924","27 Nov 2016 12:41:12 PM",""
"265","265","QR_CODE","1480210868318","27 Nov 2016 12:41:08 PM",""
"266","266","QR_CODE","1480210863956","27 Nov 2016 12:41:03 PM",""
"258","258","QR_CODE","1480210861491","27 Nov 2016 12:41:01 PM",""
"253","253","QR_CODE","1480210859075","27 Nov 2016 12:40:59 PM",""
"252","252","QR_CODE","1480210855654","27 Nov 2016 12:40:55 PM",""
"269","269","QR_CODE","1480210849857","27 Nov 2016 12:40:49 PM",""
"270","270","QR_CODE","1480210845702","27 Nov 2016 12:40:45 PM",""
"271","271","QR_CODE","1480210844012","27 Nov 2016 12:40:44 PM",""
"272","272","QR_CODE","1480210840407","27 Nov 2016 12:40:40 PM",""
"273","273","QR_CODE","1480210836472","27 Nov 2016 12:40:36 PM",""
"303","303","QR_CODE","1480210833708","27 Nov 2016 12:40:33 PM",""
"303","303","QR_CODE","1480210831804","27 Nov 2016 12:40:31 PM",""
"304","304","QR_CODE","1480210829702","27 Nov 2016 12:40:29 PM",""
"305","305","QR_CODE","1480210826769","27 Nov 2016 12:40:26 PM",""
"306","306","QR_CODE","1480210824905","27 Nov 2016 12:40:24 PM",""
"307","307","QR_CODE","1480210823006","27 Nov 2016 12:40:23 PM",""
"309","309","QR_CODE","1480210819644","27 Nov 2016 12:40:19 PM",""
"308","308","QR_CODE","1480210816769","27 Nov 2016 12:40:16 PM",""
"307","307","QR_CODE","1480210814326","27 Nov 2016 12:40:14 PM",""
"306","306","QR_CODE","1480210811637","27 Nov 2016 12:40:11 PM",""
"275","275","QR_CODE","1480210808213","27 Nov 2016 12:40:08 PM",""
"276","276","QR_CODE","1480210804869","27 Nov 2016 12:40:04 PM",""
"277","277","QR_CODE","1480210802263","27 Nov 2016 12:40:02 PM",""
"293","293","QR_CODE","1480210799850","27 Nov 2016 12:39:59 PM",""
"293","293","QR_CODE","1480210793317","27 Nov 2016 12:39:53 PM",""
"278","278","QR_CODE","1480210791125","27 Nov 2016 12:39:51 PM",""
"279","279","QR_CODE","1480210788543","27 Nov 2016 12:39:48 PM",""
"280","280","QR_CODE","1480210785157","27 Nov 2016 12:39:45 PM",""
"281","281","QR_CODE","1480210780840","27 Nov 2016 12:39:40 PM",""
"282","282","QR_CODE","1480210778504","27 Nov 2016 12:39:38 PM",""
"283","283","QR_CODE","1480210775089","27 Nov 2016 12:39:35 PM",""
"284","284","QR_CODE","1480210771977","27 Nov 2016 12:39:31 PM",""
"285","285","QR_CODE","1480210769448","27 Nov 2016 12:39:29 PM",""
"292","292","QR_CODE","1480210764522","27 Nov 2016 12:39:24 PM",""
"293","293","QR_CODE","1480210750732","27 Nov 2016 12:39:10 PM",""
"277","277","QR_CODE","1480210747286","27 Nov 2016 12:39:07 PM",""
"276","276","QR_CODE","1480210742690","27 Nov 2016 12:39:02 PM",""
"276","276","QR_CODE","1480210741547","27 Nov 2016 12:39:01 PM",""
"276","276","QR_CODE","1480210738709","27 Nov 2016 12:38:58 PM",""
"276","276","QR_CODE","1480210737502","27 Nov 2016 12:38:57 PM",""
"276","276","QR_CODE","1480210735554","27 Nov 2016 12:38:55 PM",""
"275","275","QR_CODE","1480210734092","27 Nov 2016 12:38:54 PM",""
"274","274","QR_CODE","1480210730992","27 Nov 2016 12:38:50 PM",""
"273","273","QR_CODE","1480210728923","27 Nov 2016 12:38:48 PM",""
"302","302","QR_CODE","1480210717450","27 Nov 2016 12:38:37 PM",""
"294","294","QR_CODE","1480210710004","27 Nov 2016 12:38:30 PM",""
"295","295","QR_CODE","1480210701149","27 Nov 2016 12:38:21 PM",""
"296","296","QR_CODE","1480210697638","27 Nov 2016 12:38:17 PM",""
"297","297","QR_CODE","1480210694588","27 Nov 2016 12:38:14 PM",""
"298","298","QR_CODE","1480210691077","27 Nov 2016 12:38:11 PM",""
"299","299","QR_CODE","1480210687788","27 Nov 2016 12:38:07 PM",""
"300","300","QR_CODE","1480210683983","27 Nov 2016 12:38:03 PM",""
"301","301","QR_CODE","1480210681688","27 Nov 2016 12:38:01 PM",""
"302","302","QR_CODE","1480210677627","27 Nov 2016 12:37:57 PM",""
"273","273","QR_CODE","1480210674112","27 Nov 2016 12:37:54 PM",""
"272","272","QR_CODE","1480210671822","27 Nov 2016 12:37:51 PM",""
"271","271","QR_CODE","1480210668164","27 Nov 2016 12:37:48 PM",""
"270","270","QR_CODE","1480210664500","27 Nov 2016 12:37:44 PM",""
"269","269","QR_CODE","1480210661820","27 Nov 2016 12:37:41 PM",""
"252","252","QR_CODE","1480210656437","27 Nov 2016 12:37:36 PM",""
"253","253","QR_CODE","1480210651529","27 Nov 2016 12:37:31 PM",""
"258","258","QR_CODE","1480210648270","27 Nov 2016 12:37:28 PM",""
"266","266","QR_CODE","1480210630748","27 Nov 2016 12:37:10 PM",""
"265","265","QR_CODE","1480210628240","27 Nov 2016 12:37:08 PM",""
"264","264","QR_CODE","1480210624493","27 Nov 2016 12:37:04 PM",""
"262","262","QR_CODE","1480210620024","27 Nov 2016 12:37:00 PM",""
"159","159","QR_CODE","1480210611258","27 Nov 2016 12:36:51 PM",""
"160","160","QR_CODE","1480210607921","27 Nov 2016 12:36:47 PM",""
"161","161","QR_CODE","1480210605247","27 Nov 2016 12:36:45 PM",""
"162","162","QR_CODE","1480210601112","27 Nov 2016 12:36:41 PM",""
"163","163","QR_CODE","1480210596482","27 Nov 2016 12:36:36 PM",""
"164","164","QR_CODE","1480210590276","27 Nov 2016 12:36:30 PM",""
"057","057","QR_CODE","1480210586711","27 Nov 2016 12:36:26 PM",""
"057","057","QR_CODE","1480210583480","27 Nov 2016 12:36:23 PM",""
"056","056","QR_CODE","1480210580718","27 Nov 2016 12:36:20 PM",""
"056","056","QR_CODE","1480210579542","27 Nov 2016 12:36:19 PM",""
"055","055","QR_CODE","1480210574997","27 Nov 2016 12:36:14 PM",""
"055","055","QR_CODE","1480210573734","27 Nov 2016 12:36:13 PM",""
"055","055","QR_CODE","1480210572407","27 Nov 2016 12:36:12 PM",""
"055","055","QR_CODE","1480210571090","27 Nov 2016 12:36:11 PM",""
"055","055","QR_CODE","1480210569873","27 Nov 2016 12:36:09 PM",""
"054","054","QR_CODE","1480210567642","27 Nov 2016 12:36:07 PM",""
"074","074","QR_CODE","1480210562724","27 Nov 2016 12:36:02 PM",""
"075","075","QR_CODE","1480210555531","27 Nov 2016 12:35:55 PM",""
"076","076","QR_CODE","1480210550354","27 Nov 2016 12:35:50 PM",""
"068","068","QR_CODE","1480210544412","27 Nov 2016 12:35:44 PM",""
"069","069","QR_CODE","1480210539683","27 Nov 2016 12:35:39 PM",""
"070","070","QR_CODE","1480210518697","27 Nov 2016 12:35:18 PM",""
"071","071","QR_CODE","1480210512239","27 Nov 2016 12:35:12 PM",""
"071","071","QR_CODE","1480210510554","27 Nov 2016 12:35:10 PM",""
"044","044","QR_CODE","1480210503573","27 Nov 2016 12:35:03 PM",""
"043","043","QR_CODE","1480210499752","27 Nov 2016 12:34:59 PM",""
"311","311","QR_CODE","1480210494905","27 Nov 2016 12:34:54 PM",""
"312","312","QR_CODE","1480210486904","27 Nov 2016 12:34:46 PM",""
"313","313","QR_CODE","1480210479255","27 Nov 2016 12:34:39 PM",""
"314","314","QR_CODE","1480210451437","27 Nov 2016 12:34:11 PM",""
"024","024","QR_CODE","1480210439261","27 Nov 2016 12:33:59 PM",""
"190","190","QR_CODE","1480210434055","27 Nov 2016 12:33:54 PM",""
"189","189","QR_CODE","1480210431140","27 Nov 2016 12:33:51 PM",""
"188","188","QR_CODE","1480210428060","27 Nov 2016 12:33:48 PM",""
"187","187","QR_CODE","1480210425102","27 Nov 2016 12:33:45 PM",""
"186","186","QR_CODE","1480210422276","27 Nov 2016 12:33:42 PM",""
"185","185","QR_CODE","1480210413847","27 Nov 2016 12:33:33 PM",""
"184","184","QR_CODE","1480210410617","27 Nov 2016 12:33:30 PM",""
"183","183","QR_CODE","1480210404580","27 Nov 2016 12:33:24 PM",""
"182","182","QR_CODE","1480210400094","27 Nov 2016 12:33:20 PM",""
"181","181","QR_CODE","1480210396803","27 Nov 2016 12:33:16 PM",""
"197","197","QR_CODE","1480210394037","27 Nov 2016 12:33:14 PM",""
"198","198","QR_CODE","1480210389640","27 Nov 2016 12:33:09 PM",""
"199","199","QR_CODE","1480210386556","27 Nov 2016 12:33:06 PM",""
"200","200","QR_CODE","1480210384404","27 Nov 2016 12:33:04 PM",""
"009","009","QR_CODE","1480210334320","27 Nov 2016 12:32:14 PM",""
"008","008","QR_CODE","1480210331927","27 Nov 2016 12:32:11 PM",""
"200","200","QR_CODE","1480210327187","27 Nov 2016 12:32:07 PM",""
"201","201","QR_CODE","1480210323581","27 Nov 2016 12:32:03 PM",""
"202","202","QR_CODE","1480210321414","27 Nov 2016 12:32:01 PM",""
"203","203","QR_CODE","1480210317506","27 Nov 2016 12:31:57 PM",""
"204","204","QR_CODE","1480210315013","27 Nov 2016 12:31:55 PM",""
"205","205","QR_CODE","1480210312336","27 Nov 2016 12:31:52 PM",""
"206","206","QR_CODE","1480210309581","27 Nov 2016 12:31:49 PM",""
"161","161","QR_CODE","1480208620466","27 Nov 2016 12:03:40 PM",""
"163","163","QR_CODE","1480208614561","27 Nov 2016 12:03:34 PM",""
"163","163","QR_CODE","1480208613410","27 Nov 2016 12:03:33 PM",""
"163","163","QR_CODE","1480208612164","27 Nov 2016 12:03:32 PM",""
"068","068","QR_CODE","1480208471513","27 Nov 2016 12:01:11 PM",""
"069","069","QR_CODE","1480208467992","27 Nov 2016 12:01:07 PM",""
"070","070","QR_CODE","1480208463511","27 Nov 2016 12:01:03 PM",""
"044","044","QR_CODE","1480208429560","27 Nov 2016 12:00:29 PM",""
"042","042","QR_CODE","1480208416746","27 Nov 2016 12:00:16 PM",""
"040","040","QR_CODE","1480208413644","27 Nov 2016 12:00:13 PM",""
"038","038","QR_CODE","1480208406966","27 Nov 2016 12:00:06 PM",""
"038","038","QR_CODE","1480208405785","27 Nov 2016 12:00:05 PM",""
"039","039","QR_CODE","1480208403628","27 Nov 2016 12:00:03 PM",""
"080","080","QR_CODE","1480208400379","27 Nov 2016 12:00:00 PM",""
"077","077","QR_CODE","1480208385007","27 Nov 2016 11:59:45 AM",""
"067","067","QR_CODE","1480208380627","27 Nov 2016 11:59:40 AM",""
"065","065","QR_CODE","1480208374048","27 Nov 2016 11:59:34 AM",""
"064","064","QR_CODE","1480208371600","27 Nov 2016 11:59:31 AM",""
"171","171","QR_CODE","1480208361019","27 Nov 2016 11:59:21 AM",""
"170","170","QR_CODE","1480208358158","27 Nov 2016 11:59:18 AM",""
"169","169","QR_CODE","1480208353291","27 Nov 2016 11:59:13 AM",""
"168","168","QR_CODE","1480208345496","27 Nov 2016 11:59:05 AM",""
"154","154","QR_CODE","1480208339918","27 Nov 2016 11:58:59 AM",""
"230","230","QR_CODE","1480208334761","27 Nov 2016 11:58:54 AM",""
"231","231","QR_CODE","1480208331009","27 Nov 2016 11:58:51 AM",""
"232","232","QR_CODE","1480208325704","27 Nov 2016 11:58:45 AM",""
"094","094","QR_CODE","1480208322704","27 Nov 2016 11:58:42 AM",""
"100","100","QR_CODE","1480208051148","27 Nov 2016 11:54:11 AM",""
"203","203","QR_CODE","1480208043436","27 Nov 2016 11:54:03 AM",""
"202","202","QR_CODE","1480208040274","27 Nov 2016 11:54:00 AM",""
"009","009","QR_CODE","1480208030945","27 Nov 2016 11:53:50 AM",""
"201","201","QR_CODE","1480208001187","27 Nov 2016 11:53:21 AM",""
"097","097","QR_CODE","1480207992578","27 Nov 2016 11:53:12 AM",""
"096","096","QR_CODE","1480207986144","27 Nov 2016 11:53:06 AM",""
"094","094","QR_CODE","1480207982323","27 Nov 2016 11:53:02 AM",""
"232","232","QR_CODE","1480207979498","27 Nov 2016 11:52:59 AM",""
"231","231","QR_CODE","1480207974533","27 Nov 2016 11:52:54 AM",""
"230","230","QR_CODE","1480207969097","27 Nov 2016 11:52:49 AM",""
"154","154","QR_CODE","1480207961087","27 Nov 2016 11:52:41 AM",""
"155","155","QR_CODE","1480207954412","27 Nov 2016 11:52:34 AM",""
"156","156","QR_CODE","1480207951192","27 Nov 2016 11:52:31 AM",""
"157","157","QR_CODE","1480207946700","27 Nov 2016 11:52:26 AM",""
"158","158","QR_CODE","1480207942784","27 Nov 2016 11:52:22 AM",""
"159","159","QR_CODE","1480207938261","27 Nov 2016 11:52:18 AM",""
"264","264","QR_CODE","1480207932036","27 Nov 2016 11:52:12 AM",""
"265","265","QR_CODE","1480207927284","27 Nov 2016 11:52:07 AM",""
"266","266","QR_CODE","1480207921490","27 Nov 2016 11:52:01 AM",""
"258","258","QR_CODE","1480207918888","27 Nov 2016 11:51:58 AM",""
"253","253","QR_CODE","1480207916310","27 Nov 2016 11:51:56 AM",""
"252","252","QR_CODE","1480207913059","27 Nov 2016 11:51:53 AM",""
"269","269","QR_CODE","1480207909590","27 Nov 2016 11:51:49 AM",""
"270","270","QR_CODE","1480207904539","27 Nov 2016 11:51:44 AM",""
"271","271","QR_CODE","1480207897531","27 Nov 2016 11:51:37 AM",""
"272","272","QR_CODE","1480207892016","27 Nov 2016 11:51:32 AM",""
"273","273","QR_CODE","1480207889446","27 Nov 2016 11:51:29 AM",""
"302","302","QR_CODE","1480207886178","27 Nov 2016 11:51:26 AM",""
"294","294","QR_CODE","1480207869524","27 Nov 2016 11:51:09 AM",""
"295","295","QR_CODE","1480207865391","27 Nov 2016 11:51:05 AM",""
"296","296","QR_CODE","1480207862272","27 Nov 2016 11:51:02 AM",""
"297","297","QR_CODE","1480207858467","27 Nov 2016 11:50:58 AM",""
"298","298","QR_CODE","1480207854817","27 Nov 2016 11:50:54 AM",""
"299","299","QR_CODE","1480207848899","27 Nov 2016 11:50:48 AM",""
"300","300","QR_CODE","1480207820229","27 Nov 2016 11:50:20 AM",""
"301","301","QR_CODE","1480207816589","27 Nov 2016 11:50:16 AM",""
"302","302","QR_CODE","1480207812435","27 Nov 2016 11:50:12 AM",""
"273","273","QR_CODE","1480207805409","27 Nov 2016 11:50:05 AM",""
"303","303","QR_CODE","1480207802665","27 Nov 2016 11:50:02 AM",""
"310","310","QR_CODE","1480207800094","27 Nov 2016 11:50:00 AM",""
"309","309","QR_CODE","1480207797697","27 Nov 2016 11:49:57 AM",""
"308","308","QR_CODE","1480207794955","27 Nov 2016 11:49:54 AM",""
"307","307","QR_CODE","1480207792776","27 Nov 2016 11:49:52 AM",""
"306","306","QR_CODE","1480207788810","27 Nov 2016 11:49:48 AM",""
"276","276","QR_CODE","1480207783990","27 Nov 2016 11:49:43 AM",""
"293","293","QR_CODE","1480207774642","27 Nov 2016 11:49:34 AM",""
"279","279","QR_CODE","1480207767393","27 Nov 2016 11:49:27 AM",""
"280","280","QR_CODE","1480207763650","27 Nov 2016 11:49:23 AM",""
"281","281","QR_CODE","1480207759123","27 Nov 2016 11:49:19 AM",""
"282","282","QR_CODE","1480207755019","27 Nov 2016 11:49:15 AM",""
"283","283","QR_CODE","1480207740646","27 Nov 2016 11:49:00 AM",""
"284","284","QR_CODE","1480207735579","27 Nov 2016 11:48:55 AM",""
"293","293","QR_CODE","1480207730589","27 Nov 2016 11:48:50 AM",""
"277","277","QR_CODE","1480207727915","27 Nov 2016 11:48:47 AM",""
"276","276","QR_CODE","1480207725154","27 Nov 2016 11:48:45 AM",""
"275","275","QR_CODE","1480207720376","27 Nov 2016 11:48:40 AM",""
"274","274","QR_CODE","1480207714326","27 Nov 2016 11:48:34 AM",""
"273","273","QR_CODE","1480207711361","27 Nov 2016 11:48:31 AM",""
"272","272","QR_CODE","1480207706511","27 Nov 2016 11:48:26 AM",""
"271","271","QR_CODE","1480207702693","27 Nov 2016 11:48:22 AM",""
"270","270","QR_CODE","1480207699169","27 Nov 2016 11:48:19 AM",""
"269","269","QR_CODE","1480207694988","27 Nov 2016 11:48:14 AM",""
"252","252","QR_CODE","1480207690532","27 Nov 2016 11:48:10 AM",""
"253","253","QR_CODE","1480207688560","27 Nov 2016 11:48:08 AM",""
"258","258","QR_CODE","1480207684284","27 Nov 2016 11:48:04 AM",""
"266","266","QR_CODE","1480207682116","27 Nov 2016 11:48:02 AM",""
"265","265","QR_CODE","1480207679217","27 Nov 2016 11:47:59 AM",""
"264","264","QR_CODE","1480207674891","27 Nov 2016 11:47:54 AM",""
"159","159","QR_CODE","1480207671169","27 Nov 2016 11:47:51 AM",""
"158","158","QR_CODE","1480207667053","27 Nov 2016 11:47:47 AM",""
"157","157","QR_CODE","1480207664579","27 Nov 2016 11:47:44 AM",""
"156","156","QR_CODE","1480207660291","27 Nov 2016 11:47:40 AM",""
"155","155","QR_CODE","1480207653030","27 Nov 2016 11:47:33 AM",""
"154","154","QR_CODE","1480207648706","27 Nov 2016 11:47:28 AM",""
"230","230","QR_CODE","1480207641490","27 Nov 2016 11:47:21 AM",""
"231","231","QR_CODE","1480207638051","27 Nov 2016 11:47:18 AM",""
"232","232","QR_CODE","1480207633409","27 Nov 2016 11:47:13 AM",""
"094","094","QR_CODE","1480207625991","27 Nov 2016 11:47:05 AM",""
"096","096","QR_CODE","1480207619505","27 Nov 2016 11:46:59 AM",""
"097","097","QR_CODE","1480207613316","27 Nov 2016 11:46:53 AM",""
"227","227","QR_CODE","1480207607967","27 Nov 2016 11:46:47 AM",""
"228","228","QR_CODE","1480207603614","27 Nov 2016 11:46:43 AM",""
"229","229","QR_CODE","1480207599765","27 Nov 2016 11:46:39 AM",""
"151","151","QR_CODE","1480207592874","27 Nov 2016 11:46:32 AM",""
"105","105","QR_CODE","1480207588399","27 Nov 2016 11:46:28 AM",""
"106","106","QR_CODE","1480207585171","27 Nov 2016 11:46:25 AM",""
"108","108","QR_CODE","1480207578837","27 Nov 2016 11:46:18 AM",""
"109","109","QR_CODE","1480207574489","27 Nov 2016 11:46:14 AM",""
"110","110","QR_CODE","1480207568029","27 Nov 2016 11:46:08 AM",""
"111","111","QR_CODE","1480207560279","27 Nov 2016 11:46:00 AM",""
"242","242","QR_CODE","1480207555760","27 Nov 2016 11:45:55 AM",""
"126","126","QR_CODE","1480207551430","27 Nov 2016 11:45:51 AM",""
"127","127","QR_CODE","1480207547095","27 Nov 2016 11:45:47 AM",""
"128","128","QR_CODE","1480207542858","27 Nov 2016 11:45:42 AM",""
"213","213","QR_CODE","1480207535349","27 Nov 2016 11:45:35 AM",""
"129","129","QR_CODE","1480207532064","27 Nov 2016 11:45:32 AM",""
"212","212","QR_CODE","1480207527688","27 Nov 2016 11:45:27 AM",""
"212","212","QR_CODE","1480207526513","27 Nov 2016 11:45:26 AM",""
"132","132","QR_CODE","1480207524979","27 Nov 2016 11:45:24 AM",""
"211","211","QR_CODE","1480207519389","27 Nov 2016 11:45:19 AM",""
"209","209","QR_CODE","1480207516258","27 Nov 2016 11:45:16 AM",""
"210","210","QR_CODE","1480207513215","27 Nov 2016 11:45:13 AM",""
"220","220","QR_CODE","1480207504529","27 Nov 2016 11:45:04 AM",""
"214","214","QR_CODE","1480207502078","27 Nov 2016 11:45:02 AM",""
"215","215","QR_CODE","1480207497042","27 Nov 2016 11:44:57 AM",""
"216","216","QR_CODE","1480207494111","27 Nov 2016 11:44:54 AM",""
"217","217","QR_CODE","1480207490056","27 Nov 2016 11:44:50 AM",""
"219","219","QR_CODE","1480207485987","27 Nov 2016 11:44:45 AM",""
"218","218","QR_CODE","1480207482816","27 Nov 2016 11:44:42 AM",""
"218","218","QR_CODE","1480207481606","27 Nov 2016 11:44:41 AM",""
"217","217","QR_CODE","1480207479528","27 Nov 2016 11:44:39 AM",""
"217","217","QR_CODE","1480207478316","27 Nov 2016 11:44:38 AM",""
"216","216","QR_CODE","1480207476420","27 Nov 2016 11:44:36 AM",""
"215","215","QR_CODE","1480207473051","27 Nov 2016 11:44:33 AM",""
"214","214","QR_CODE","1480207469271","27 Nov 2016 11:44:29 AM",""
"220","220","QR_CODE","1480207467093","27 Nov 2016 11:44:27 AM",""
"221","221","QR_CODE","1480207462173","27 Nov 2016 11:44:22 AM",""
"208","208","QR_CODE","1480207456463","27 Nov 2016 11:44:16 AM",""
"207","207","QR_CODE","1480207451945","27 Nov 2016 11:44:11 AM",""
"206","206","QR_CODE","1480207447321","27 Nov 2016 11:44:07 AM",""
"205","205","QR_CODE","1480207444669","27 Nov 2016 11:44:04 AM",""
"204","204","QR_CODE","1480207441925","27 Nov 2016 11:44:01 AM",""
"203","203","QR_CODE","1480207439729","27 Nov 2016 11:43:59 AM",""
"202","202","QR_CODE","1480207436274","27 Nov 2016 11:43:56 AM",""
"201","201","QR_CODE","1480207433047","27 Nov 2016 11:43:53 AM",""
"009","009","QR_CODE","1480207404709","27 Nov 2016 11:43:24 AM",""
"008","008","QR_CODE","1480207402321","27 Nov 2016 11:43:22 AM",""
"201","201","QR_CODE","1480207392994","27 Nov 2016 11:43:12 AM",""
"201","201","QR_CODE","1480207390871","27 Nov 2016 11:43:10 AM",""
"200","200","QR_CODE","1480207389148","27 Nov 2016 11:43:09 AM",""
"094","094","QR_CODE","1480207380483","27 Nov 2016 11:43:00 AM",""
"232","232","QR_CODE","1480207376530","27 Nov 2016 11:42:56 AM",""
"231","231","QR_CODE","1480207371293","27 Nov 2016 11:42:51 AM",""
"230","230","QR_CODE","1480207367106","27 Nov 2016 11:42:47 AM",""
"168","168","QR_CODE","1480207362015","27 Nov 2016 11:42:42 AM",""
"171","171","QR_CODE","1480207349822","27 Nov 2016 11:42:29 AM",""
"172","172","QR_CODE","1480207344163","27 Nov 2016 11:42:24 AM",""
"064","064","QR_CODE","1480207337678","27 Nov 2016 11:42:17 AM",""
"065","065","QR_CODE","1480207142578","27 Nov 2016 11:39:02 AM",""
"064","064","QR_CODE","1480207139875","27 Nov 2016 11:38:59 AM",""
"171","171","QR_CODE","1480207132977","27 Nov 2016 11:38:52 AM",""
"170","170","QR_CODE","1480207129831","27 Nov 2016 11:38:49 AM",""
"169","169","QR_CODE","1480207124914","27 Nov 2016 11:38:44 AM",""
"230","230","QR_CODE","1480207113710","27 Nov 2016 11:38:33 AM",""
"232","232","QR_CODE","1480207105514","27 Nov 2016 11:38:25 AM",""
"094","094","QR_CODE","1480207101616","27 Nov 2016 11:38:21 AM",""
"201","201","QR_CODE","1480207093503","27 Nov 2016 11:38:13 AM",""
"009","009","QR_CODE","1480206883171","27 Nov 2016 11:34:43 AM",""
"008","008","QR_CODE","1480206879419","27 Nov 2016 11:34:39 AM",""
"202","202","QR_CODE","1480206872080","27 Nov 2016 11:34:32 AM",""
"201","201","QR_CODE","1480206867199","27 Nov 2016 11:34:27 AM",""
"200","200","QR_CODE","1480206861522","27 Nov 2016 11:34:21 AM",""
"199","199","QR_CODE","1480206858070","27 Nov 2016 11:34:18 AM",""
"198","198","QR_CODE","1480206855163","27 Nov 2016 11:34:15 AM",""
"197","197","QR_CODE","1480206852670","27 Nov 2016 11:34:12 AM",""
"181","181","QR_CODE","1480206848958","27 Nov 2016 11:34:08 AM",""
"182","182","QR_CODE","1480206846241","27 Nov 2016 11:34:06 AM",""
"183","183","QR_CODE","1480206841858","27 Nov 2016 11:34:01 AM",""
"184","184","QR_CODE","1480206839200","27 Nov 2016 11:33:59 AM",""
"185","185","QR_CODE","1480206836784","27 Nov 2016 11:33:56 AM",""
"186","186","QR_CODE","1480206832639","27 Nov 2016 11:33:52 AM",""
"194","194","QR_CODE","1480206826933","27 Nov 2016 11:33:46 AM",""
"085","085","QR_CODE","1480206824375","27 Nov 2016 11:33:44 AM",""
"083","083","QR_CODE","1480206821431","27 Nov 2016 11:33:41 AM",""
"082","082","QR_CODE","1480206812064","27 Nov 2016 11:33:32 AM",""
"079","079","QR_CODE","1480206802279","27 Nov 2016 11:33:22 AM",""
"078","078","QR_CODE","1480206781294","27 Nov 2016 11:33:01 AM",""
"077","077","QR_CODE","1480206774483","27 Nov 2016 11:32:54 AM",""
"067","067","QR_CODE","1480206771082","27 Nov 2016 11:32:51 AM",""
"066","066","QR_CODE","1480206765392","27 Nov 2016 11:32:45 AM",""
"065","065","QR_CODE","1480206758656","27 Nov 2016 11:32:38 AM",""
"064","064","QR_CODE","1480206756081","27 Nov 2016 11:32:36 AM",""
"172","172","QR_CODE","1480206747004","27 Nov 2016 11:32:27 AM",""
"171","171","QR_CODE","1480206744356","27 Nov 2016 11:32:24 AM",""
"170","170","QR_CODE","1480206739905","27 Nov 2016 11:32:19 AM",""
"177","177","QR_CODE","1480206733467","27 Nov 2016 11:32:13 AM",""
"178","178","QR_CODE","1480206729380","27 Nov 2016 11:32:09 AM",""
"179","179","QR_CODE","1480206723891","27 Nov 2016 11:32:03 AM",""
"180","180","QR_CODE","1480206717980","27 Nov 2016 11:31:57 AM",""
"089","089","QR_CODE","1480206711334","27 Nov 2016 11:31:51 AM",""
"090","090","QR_CODE","1480206707038","27 Nov 2016 11:31:47 AM",""
"091","091","QR_CODE","1480206703963","27 Nov 2016 11:31:43 AM",""
"094","094","QR_CODE","1480206697587","27 Nov 2016 11:31:37 AM",""
"097","097","QR_CODE","1480206687123","27 Nov 2016 11:31:27 AM",""
"098","098","QR_CODE","1480206680160","27 Nov 2016 11:31:20 AM",""
"099","099","QR_CODE","1480206676953","27 Nov 2016 11:31:16 AM",""
"100","100","QR_CODE","1480206665375","27 Nov 2016 11:31:05 AM",""
"102","102","QR_CODE","1480206658717","27 Nov 2016 11:30:58 AM",""
"103","103","QR_CODE","1480206653946","27 Nov 2016 11:30:53 AM",""
"104","104","QR_CODE","1480206647554","27 Nov 2016 11:30:47 AM",""
"105","105","QR_CODE","1480206641425","27 Nov 2016 11:30:41 AM",""
"106","106","QR_CODE","1480206638003","27 Nov 2016 11:30:38 AM",""
"107","107","QR_CODE","1480206632419","27 Nov 2016 11:30:32 AM",""
"108","108","QR_CODE","1480206627276","27 Nov 2016 11:30:27 AM",""
"109","109","QR_CODE","1480206621775","27 Nov 2016 11:30:21 AM",""
"241","241","QR_CODE","1480206606459","27 Nov 2016 11:30:06 AM",""
"239","239","QR_CODE","1480206602952","27 Nov 2016 11:30:02 AM",""
"240","240","QR_CODE","1480206596287","27 Nov 2016 11:29:56 AM",""
"149","149","QR_CODE","1480206588298","27 Nov 2016 11:29:48 AM",""
"147","147","QR_CODE","1480206580099","27 Nov 2016 11:29:40 AM",""
"146","146","QR_CODE","1480206567240","27 Nov 2016 11:29:27 AM",""
"145","145","QR_CODE","1480206561139","27 Nov 2016 11:29:21 AM",""
"244","244","QR_CODE","1480206558238","27 Nov 2016 11:29:18 AM",""
"245","245","QR_CODE","1480206555276","27 Nov 2016 11:29:15 AM",""
"246","246","QR_CODE","1480206457211","27 Nov 2016 11:27:37 AM",""
"246","246","QR_CODE","1480206455950","27 Nov 2016 11:27:35 AM",""
"248","248","QR_CODE","1480206445070","27 Nov 2016 11:27:25 AM",""
"249","249","QR_CODE","1480206440544","27 Nov 2016 11:27:20 AM",""
"250","250","QR_CODE","1480206436234","27 Nov 2016 11:27:16 AM",""
"251","251","QR_CODE","1480206433229","27 Nov 2016 11:27:13 AM",""
"267","267","QR_CODE","1480206422681","27 Nov 2016 11:27:02 AM",""
"259","259","QR_CODE","1480206419209","27 Nov 2016 11:26:59 AM",""
"261","261","QR_CODE","1480206413748","27 Nov 2016 11:26:53 AM",""
"265","265","QR_CODE","1480206402252","27 Nov 2016 11:26:42 AM",""
"266","266","QR_CODE","1480206399794","27 Nov 2016 11:26:39 AM",""
"258","258","QR_CODE","1480206397084","27 Nov 2016 11:26:37 AM",""
"253","253","QR_CODE","1480206394599","27 Nov 2016 11:26:34 AM",""
"252","252","QR_CODE","1480206389067","27 Nov 2016 11:26:29 AM",""
"269","269","QR_CODE","1480206383955","27 Nov 2016 11:26:23 AM",""
"270","270","QR_CODE","1480206380438","27 Nov 2016 11:26:20 AM",""
"271","271","QR_CODE","1480206377590","27 Nov 2016 11:26:17 AM",""
"272","272","QR_CODE","1480206373278","27 Nov 2016 11:26:13 AM",""
"273","273","QR_CODE","1480206369965","27 Nov 2016 11:26:09 AM",""
"274","274","QR_CODE","1480206367851","27 Nov 2016 11:26:07 AM",""
"275","275","QR_CODE","1480206365068","27 Nov 2016 11:26:05 AM",""
"276","276","QR_CODE","1480206361595","27 Nov 2016 11:26:01 AM",""
"277","277","QR_CODE","1480206357568","27 Nov 2016 11:25:57 AM",""
"293","293","QR_CODE","1480206355278","27 Nov 2016 11:25:55 AM",""
"278","278","QR_CODE","1480206352474","27 Nov 2016 11:25:52 AM",""
"279","279","QR_CODE","1480206348837","27 Nov 2016 11:25:48 AM",""
"280","280","QR_CODE","1480206344639","27 Nov 2016 11:25:44 AM",""
"279","279","QR_CODE","1480206338696","27 Nov 2016 11:25:38 AM",""
"278","278","QR_CODE","1480206334311","27 Nov 2016 11:25:34 AM",""
"293","293","QR_CODE","1480206329667","27 Nov 2016 11:25:29 AM",""
"292","292","QR_CODE","1480206326201","27 Nov 2016 11:25:26 AM",""
"293","293","QR_CODE","1480206323047","27 Nov 2016 11:25:23 AM",""
"277","277","QR_CODE","1480206319450","27 Nov 2016 11:25:19 AM",""
"276","276","QR_CODE","1480206316709","27 Nov 2016 11:25:16 AM",""
"306","306","QR_CODE","1480206313158","27 Nov 2016 11:25:13 AM",""
"305","305","QR_CODE","1480206310719","27 Nov 2016 11:25:10 AM",""
"307","307","QR_CODE","1480206306641","27 Nov 2016 11:25:06 AM",""
"308","308","QR_CODE","1480206302970","27 Nov 2016 11:25:02 AM",""
"309","309","QR_CODE","1480206298944","27 Nov 2016 11:24:58 AM",""
"310","310","QR_CODE","1480206295428","27 Nov 2016 11:24:55 AM",""
"303","303","QR_CODE","1480206292316","27 Nov 2016 11:24:52 AM",""
"273","273","QR_CODE","1480206281824","27 Nov 2016 11:24:41 AM",""
"272","272","QR_CODE","1480206278433","27 Nov 2016 11:24:38 AM",""
"271","271","QR_CODE","1480206274895","27 Nov 2016 11:24:34 AM",""
"270","270","QR_CODE","1480206272201","27 Nov 2016 11:24:32 AM",""
"269","269","QR_CODE","1480206267719","27 Nov 2016 11:24:27 AM",""
"252","252","QR_CODE","1480206263655","27 Nov 2016 11:24:23 AM",""
"253","253","QR_CODE","1480206260461","27 Nov 2016 11:24:20 AM",""
"258","258","QR_CODE","1480206258039","27 Nov 2016 11:24:18 AM",""
"258","258","QR_CODE","1480206256812","27 Nov 2016 11:24:16 AM",""
"266","266","QR_CODE","1480206254639","27 Nov 2016 11:24:14 AM",""
"265","265","QR_CODE","1480206252023","27 Nov 2016 11:24:12 AM",""
"264","264","QR_CODE","1480206248266","27 Nov 2016 11:24:08 AM",""
"159","159","QR_CODE","1480206245867","27 Nov 2016 11:24:05 AM",""
"160","160","QR_CODE","1480206243321","27 Nov 2016 11:24:03 AM",""
"161","161","QR_CODE","1480206240842","27 Nov 2016 11:24:00 AM",""
"162","162","QR_CODE","1480206237981","27 Nov 2016 11:23:57 AM",""
"163","163","QR_CODE","1480206234338","27 Nov 2016 11:23:54 AM",""
"164","164","QR_CODE","1480206228403","27 Nov 2016 11:23:48 AM",""
"057","057","QR_CODE","1480206222355","27 Nov 2016 11:23:42 AM",""
"056","056","QR_CODE","1480206218667","27 Nov 2016 11:23:38 AM",""
"055","055","QR_CODE","1480206214625","27 Nov 2016 11:23:34 AM",""
"054","054","QR_CODE","1480206212400","27 Nov 2016 11:23:32 AM",""
"053","053","QR_CODE","1480206209271","27 Nov 2016 11:23:29 AM",""
"052","052","QR_CODE","1480206204933","27 Nov 2016 11:23:24 AM",""
"051","051","QR_CODE","1480206200271","27 Nov 2016 11:23:20 AM",""
"050","050","QR_CODE","1480206193201","27 Nov 2016 11:23:13 AM",""
"048","048","QR_CODE","1480206186369","27 Nov 2016 11:23:06 AM",""
"047","047","QR_CODE","1480206178155","27 Nov 2016 11:22:58 AM",""
"046","046","QR_CODE","1480206173697","27 Nov 2016 11:22:53 AM",""
"045","045","QR_CODE","1480206169981","27 Nov 2016 11:22:49 AM",""
"044","044","QR_CODE","1480206163759","27 Nov 2016 11:22:43 AM",""
"071","071","QR_CODE","1480206160145","27 Nov 2016 11:22:40 AM",""
"070","070","QR_CODE","1480206121432","27 Nov 2016 11:22:01 AM",""
"069","069","QR_CODE","1480206117411","27 Nov 2016 11:21:57 AM",""
"067","067","QR_CODE","1480206108361","27 Nov 2016 11:21:48 AM",""
"066","066","QR_CODE","1480206100784","27 Nov 2016 11:21:40 AM",""
"065","065","QR_CODE","1480206097215","27 Nov 2016 11:21:37 AM",""
"064","064","QR_CODE","1480206094718","27 Nov 2016 11:21:34 AM",""
"172","172","QR_CODE","1480206089273","27 Nov 2016 11:21:29 AM",""
"171","171","QR_CODE","1480206086881","27 Nov 2016 11:21:26 AM",""
"170","170","QR_CODE","1480206084323","27 Nov 2016 11:21:24 AM",""
"169","169","QR_CODE","1480206080548","27 Nov 2016 11:21:20 AM",""
"168","168","QR_CODE","1480206077374","27 Nov 2016 11:21:17 AM",""
"154","154","QR_CODE","1480206070385","27 Nov 2016 11:21:10 AM",""
"153","153","QR_CODE","1480206065319","27 Nov 2016 11:21:05 AM",""
"153","153","QR_CODE","1480206063972","27 Nov 2016 11:21:03 AM",""
"152","152","QR_CODE","1480206061961","27 Nov 2016 11:21:01 AM",""
"151","151","QR_CODE","1480206057454","27 Nov 2016 11:20:57 AM",""
"150","150","QR_CODE","1480206054544","27 Nov 2016 11:20:54 AM",""
"107","107","QR_CODE","1480206049310","27 Nov 2016 11:20:49 AM",""
"106","106","QR_CODE","1480206044748","27 Nov 2016 11:20:44 AM",""
"104","104","QR_CODE","1480205948985","27 Nov 2016 11:19:08 AM",""
"103","103","QR_CODE","1480205945887","27 Nov 2016 11:19:05 AM",""
"136","136","QR_CODE","1480205941898","27 Nov 2016 11:19:01 AM",""
"135","135","QR_CODE","1480205936470","27 Nov 2016 11:18:56 AM",""
"119","119","QR_CODE","1480205914503","27 Nov 2016 11:18:34 AM",""
"111","111","QR_CODE","1480205909472","27 Nov 2016 11:18:29 AM",""
"110","110","QR_CODE","1480205906662","27 Nov 2016 11:18:26 AM",""
"241","241","QR_CODE","1480205891882","27 Nov 2016 11:18:11 AM",""
"240","240","QR_CODE","1480205884486","27 Nov 2016 11:18:04 AM",""
"239","239","QR_CODE","1480205878180","27 Nov 2016 11:17:58 AM",""
"243","243","QR_CODE","1480205872363","27 Nov 2016 11:17:52 AM",""
"243","243","QR_CODE","1480205870980","27 Nov 2016 11:17:50 AM",""
"118","118","QR_CODE","1480205867779","27 Nov 2016 11:17:47 AM",""
"140","140","QR_CODE","1480205864916","27 Nov 2016 11:17:44 AM",""
"142","142","QR_CODE","1480205857557","27 Nov 2016 11:17:37 AM",""
"141","141","QR_CODE","1480205852384","27 Nov 2016 11:17:32 AM",""
"140","140","QR_CODE","1480205846854","27 Nov 2016 11:17:26 AM",""
"138","138","QR_CODE","1480205841135","27 Nov 2016 11:17:21 AM",""
"120","120","QR_CODE","1480205827857","27 Nov 2016 11:17:07 AM",""
"121","121","QR_CODE","1480205821822","27 Nov 2016 11:17:01 AM",""
"122","122","QR_CODE","1480205816900","27 Nov 2016 11:16:56 AM",""
"123","123","QR_CODE","1480205812281","27 Nov 2016 11:16:52 AM",""
"125","125","QR_CODE","1480205745728","27 Nov 2016 11:15:45 AM",""
"126","126","QR_CODE","1480205741764","27 Nov 2016 11:15:41 AM",""
"126","126","QR_CODE","1480205740560","27 Nov 2016 11:15:40 AM",""
"127","127","QR_CODE","1480205736449","27 Nov 2016 11:15:36 AM",""
"128","128","QR_CODE","1480205733013","27 Nov 2016 11:15:33 AM",""
"129","129","QR_CODE","1480205729738","27 Nov 2016 11:15:29 AM",""
"212","212","QR_CODE","1480205725911","27 Nov 2016 11:15:25 AM",""
"132","132","QR_CODE","1480205724472","27 Nov 2016 11:15:24 AM",""
"211","211","QR_CODE","1480205720197","27 Nov 2016 11:15:20 AM",""
"209","209","QR_CODE","1480205716871","27 Nov 2016 11:15:16 AM",""
"131","131","QR_CODE","1480205708018","27 Nov 2016 11:15:08 AM",""
"220","220","QR_CODE","1480205701644","27 Nov 2016 11:15:01 AM",""
"219","219","QR_CODE","1480205691672","27 Nov 2016 11:14:51 AM",""
"218","218","QR_CODE","1480205688745","27 Nov 2016 11:14:48 AM",""
"217","217","QR_CODE","1480205685310","27 Nov 2016 11:14:45 AM",""
"216","216","QR_CODE","1480205681545","27 Nov 2016 11:14:41 AM",""
"215","215","QR_CODE","1480205678653","27 Nov 2016 11:14:38 AM",""
"214","214","QR_CODE","1480205675436","27 Nov 2016 11:14:35 AM",""
"220","220","QR_CODE","1480205673045","27 Nov 2016 11:14:33 AM",""
"221","221","QR_CODE","1480205669003","27 Nov 2016 11:14:29 AM",""
"001","001","QR_CODE","1480205658327","27 Nov 2016 11:14:18 AM",""
"002","002","QR_CODE","1480205647596","27 Nov 2016 11:14:07 AM",""
"003","003","QR_CODE","1480205643111","27 Nov 2016 11:14:03 AM",""
"004","004","QR_CODE","1480205639596","27 Nov 2016 11:13:59 AM",""
"005","005","QR_CODE","1480205632451","27 Nov 2016 11:13:52 AM",""
"006","006","QR_CODE","1480205627598","27 Nov 2016 11:13:47 AM",""
"007","007","QR_CODE","1480205623984","27 Nov 2016 11:13:43 AM",""
"008","008","QR_CODE","1480205620311","27 Nov 2016 11:13:40 AM",""
"009","009","QR_CODE","1480205588026","27 Nov 2016 11:13:08 AM",""
"009","009","QR_CODE","1480205586808","27 Nov 2016 11:13:06 AM",""
"010","010","QR_CODE","1480205582361","27 Nov 2016 11:13:02 AM",""
"011","011","QR_CODE","1480205579430","27 Nov 2016 11:12:59 AM",""
"012","012","QR_CODE","1480205575634","27 Nov 2016 11:12:55 AM",""
"198","198","QR_CODE","1480205570403","27 Nov 2016 11:12:50 AM",""
"197","197","QR_CODE","1480205567052","27 Nov 2016 11:12:47 AM",""
"181","181","QR_CODE","1480205563839","27 Nov 2016 11:12:43 AM",""
"182","182","QR_CODE","1480205561155","27 Nov 2016 11:12:41 AM",""
"183","183","QR_CODE","1480205557928","27 Nov 2016 11:12:37 AM",""
"184","184","QR_CODE","1480205554651","27 Nov 2016 11:12:34 AM",""
"185","185","QR_CODE","1480205550848","27 Nov 2016 11:12:30 AM",""
"018","018","QR_CODE","1480205542592","27 Nov 2016 11:12:22 AM",""
"020","020","QR_CODE","1480205535854","27 Nov 2016 11:12:15 AM",""
"021","021","QR_CODE","1480205532413","27 Nov 2016 11:12:12 AM",""
"022","022","QR_CODE","1480205529105","27 Nov 2016 11:12:09 AM",""
"023","023","QR_CODE","1480205525813","27 Nov 2016 11:12:05 AM",""
"024","024","QR_CODE","1480205519149","27 Nov 2016 11:11:59 AM",""
"035","035","QR_CODE","1480205515356","27 Nov 2016 11:11:55 AM",""
"036","036","QR_CODE","1480205511020","27 Nov 2016 11:11:51 AM",""
"037","037","QR_CODE","1480205502028","27 Nov 2016 11:11:42 AM",""
"038","038","QR_CODE","1480205488204","27 Nov 2016 11:11:28 AM",""
"039","039","QR_CODE","1480205483924","27 Nov 2016 11:11:23 AM",""
"080","080","QR_CODE","1480205478953","27 Nov 2016 11:11:18 AM",""
"079","079","QR_CODE","1480205474989","27 Nov 2016 11:11:14 AM",""
"082","082","QR_CODE","1480205469101","27 Nov 2016 11:11:09 AM",""
"085","085","QR_CODE","1480205465304","27 Nov 2016 11:11:05 AM",""
"194","194","QR_CODE","1480205457472","27 Nov 2016 11:10:57 AM",""
"186","186","QR_CODE","1480205451917","27 Nov 2016 11:10:51 AM",""
"185","185","QR_CODE","1480205448049","27 Nov 2016 11:10:48 AM",""
"196","196","QR_CODE","1480205444060","27 Nov 2016 11:10:44 AM",""
"195","195","QR_CODE","1480205438195","27 Nov 2016 11:10:38 AM",""
"084","084","QR_CODE","1480205431124","27 Nov 2016 11:10:31 AM",""
"175","175","QR_CODE","1480205425977","27 Nov 2016 11:10:25 AM",""
"086","086","QR_CODE","1480205415218","27 Nov 2016 11:10:15 AM",""
"087","087","QR_CODE","1480205409831","27 Nov 2016 11:10:09 AM",""
"088","088","QR_CODE","1480205406352","27 Nov 2016 11:10:06 AM",""
"089","089","QR_CODE","1480205400515","27 Nov 2016 11:10:00 AM",""
"180","180","QR_CODE","1480205397800","27 Nov 2016 11:09:57 AM",""
"090","090","QR_CODE","1480205394413","27 Nov 2016 11:09:54 AM",""
"091","091","QR_CODE","1480205391716","27 Nov 2016 11:09:51 AM",""
"094","094","QR_CODE","1480205387403","27 Nov 2016 11:09:47 AM",""
"096","096","QR_CODE","1480205381378","27 Nov 2016 11:09:41 AM",""
"097","097","QR_CODE","1480205377946","27 Nov 2016 11:09:37 AM",""
"227","227","QR_CODE","1480205368583","27 Nov 2016 11:09:28 AM",""
"228","228","QR_CODE","1480205364104","27 Nov 2016 11:09:24 AM",""
"104","104","QR_CODE","1480205357366","27 Nov 2016 11:09:17 AM",""
"105","105","QR_CODE","1480205352829","27 Nov 2016 11:09:12 AM",""
"106","106","QR_CODE","1480205349944","27 Nov 2016 11:09:09 AM",""
"150","150","QR_CODE","1480205345864","27 Nov 2016 11:09:05 AM",""
"149","149","QR_CODE","1480205341364","27 Nov 2016 11:09:01 AM",""
"147","147","QR_CODE","1480205337646","27 Nov 2016 11:08:57 AM",""
"146","146","QR_CODE","1480205332568","27 Nov 2016 11:08:52 AM",""
"145","145","QR_CODE","1480205324771","27 Nov 2016 11:08:44 AM",""
"244","244","QR_CODE","1480205320849","27 Nov 2016 11:08:40 AM",""
"245","245","QR_CODE","1480205317551","27 Nov 2016 11:08:37 AM",""
"246","246","QR_CODE","1480205313891","27 Nov 2016 11:08:33 AM",""
"248","248","QR_CODE","1480205281033","27 Nov 2016 11:08:01 AM",""
"249","249","QR_CODE","1480205277213","27 Nov 2016 11:07:57 AM",""
"250","250","QR_CODE","1480205271901","27 Nov 2016 11:07:51 AM",""
"251","251","QR_CODE","1480205267787","27 Nov 2016 11:07:47 AM",""
"267","267","QR_CODE","1480205263838","27 Nov 2016 11:07:43 AM",""
"259","259","QR_CODE","1480205261854","27 Nov 2016 11:07:41 AM",""
"262","262","QR_CODE","1480205248302","27 Nov 2016 11:07:28 AM",""
"159","159","QR_CODE","1480205242064","27 Nov 2016 11:07:22 AM",""
"264","264","QR_CODE","1480205239522","27 Nov 2016 11:07:19 AM",""
"265","265","QR_CODE","1480205236274","27 Nov 2016 11:07:16 AM",""
"266","266","QR_CODE","1480205233857","27 Nov 2016 11:07:13 AM",""
"258","258","QR_CODE","1480205231582","27 Nov 2016 11:07:11 AM",""
"253","253","QR_CODE","1480205229834","27 Nov 2016 11:07:09 AM",""
"252","252","QR_CODE","1480205226517","27 Nov 2016 11:07:06 AM",""
"269","269","QR_CODE","1480205222422","27 Nov 2016 11:07:02 AM",""
"270","270","QR_CODE","1480205219176","27 Nov 2016 11:06:59 AM",""
"271","271","QR_CODE","1480205214802","27 Nov 2016 11:06:54 AM",""
"272","272","QR_CODE","1480205208652","27 Nov 2016 11:06:48 AM",""
"273","273","QR_CODE","1480205206297","27 Nov 2016 11:06:46 AM",""
"302","302","QR_CODE","1480205199165","27 Nov 2016 11:06:39 AM",""
"294","294","QR_CODE","1480205190653","27 Nov 2016 11:06:30 AM",""
"295","295","QR_CODE","1480205185587","27 Nov 2016 11:06:25 AM",""
"296","296","QR_CODE","1480205182646","27 Nov 2016 11:06:22 AM",""
"297","297","QR_CODE","1480205180257","27 Nov 2016 11:06:20 AM",""
"298","298","QR_CODE","1480205175964","27 Nov 2016 11:06:15 AM",""
"300","300","QR_CODE","1480205165970","27 Nov 2016 11:06:05 AM",""
"301","301","QR_CODE","1480205161297","27 Nov 2016 11:06:01 AM",""
"302","302","QR_CODE","1480205158408","27 Nov 2016 11:05:58 AM",""
"273","273","QR_CODE","1480205150972","27 Nov 2016 11:05:50 AM",""
"273","273","QR_CODE","1480205149759","27 Nov 2016 11:05:49 AM",""
"274","274","QR_CODE","1480205147859","27 Nov 2016 11:05:47 AM",""
"275","275","QR_CODE","1480205143761","27 Nov 2016 11:05:43 AM",""
"276","276","QR_CODE","1480205140510","27 Nov 2016 11:05:40 AM",""
"277","277","QR_CODE","1480205136750","27 Nov 2016 11:05:36 AM",""
"293","293","QR_CODE","1480205132797","27 Nov 2016 11:05:32 AM",""
"293","293","QR_CODE","1480205131591","27 Nov 2016 11:05:31 AM",""
"292","292","QR_CODE","1480205129518","27 Nov 2016 11:05:29 AM",""
"293","293","QR_CODE","1480205123822","27 Nov 2016 11:05:23 AM",""
"284","284","QR_CODE","1480205111998","27 Nov 2016 11:05:11 AM",""
"283","283","QR_CODE","1480205108484","27 Nov 2016 11:05:08 AM",""
"282","282","QR_CODE","1480205104766","27 Nov 2016 11:05:04 AM",""
"281","281","QR_CODE","1480205101501","27 Nov 2016 11:05:01 AM",""
"280","280","QR_CODE","1480205097360","27 Nov 2016 11:04:57 AM",""
"279","279","QR_CODE","1480205094203","27 Nov 2016 11:04:54 AM",""
"278","278","QR_CODE","1480205091017","27 Nov 2016 11:04:51 AM",""
"276","276","QR_CODE","1480205083001","27 Nov 2016 11:04:43 AM",""
"306","306","QR_CODE","1480205079665","27 Nov 2016 11:04:39 AM",""
"305","305","QR_CODE","1480205076706","27 Nov 2016 11:04:36 AM",""
"304","304","QR_CODE","1480205074088","27 Nov 2016 11:04:34 AM",""
"303","303","QR_CODE","1480205071584","27 Nov 2016 11:04:31 AM",""
"273","273","QR_CODE","1480205067009","27 Nov 2016 11:04:27 AM",""
"272","272","QR_CODE","1480205062676","27 Nov 2016 11:04:22 AM",""
"271","271","QR_CODE","1480205059233","27 Nov 2016 11:04:19 AM",""
"270","270","QR_CODE","1480205055366","27 Nov 2016 11:04:15 AM",""
"269","269","QR_CODE","1480205052583","27 Nov 2016 11:04:12 AM",""
"252","252","QR_CODE","1480205047282","27 Nov 2016 11:04:07 AM",""
"253","253","QR_CODE","1480205041687","27 Nov 2016 11:04:01 AM",""
"253","253","QR_CODE","1480205039849","27 Nov 2016 11:03:59 AM",""
"258","258","QR_CODE","1480205038052","27 Nov 2016 11:03:58 AM",""
"266","266","QR_CODE","1480205035966","27 Nov 2016 11:03:55 AM",""
"265","265","QR_CODE","1480205019168","27 Nov 2016 11:03:39 AM",""
"264","264","QR_CODE","1480205008982","27 Nov 2016 11:03:28 AM",""
"159","159","QR_CODE","1480205003874","27 Nov 2016 11:03:23 AM",""
"158","158","QR_CODE","1480204999162","27 Nov 2016 11:03:19 AM",""
"157","157","QR_CODE","1480204995992","27 Nov 2016 11:03:15 AM",""
"156","156","QR_CODE","1480204993192","27 Nov 2016 11:03:13 AM",""
"155","155","QR_CODE","1480204989403","27 Nov 2016 11:03:09 AM",""
"154","154","QR_CODE","1480204985715","27 Nov 2016 11:03:05 AM",""
"230","230","QR_CODE","1480204981403","27 Nov 2016 11:03:01 AM",""
"231","231","QR_CODE","1480204978111","27 Nov 2016 11:02:58 AM",""
"232","232","QR_CODE","1480204974197","27 Nov 2016 11:02:54 AM",""
"094","094","QR_CODE","1480204971027","27 Nov 2016 11:02:51 AM",""
"096","096","QR_CODE","1480204964149","27 Nov 2016 11:02:44 AM",""
"097","097","QR_CODE","1480204957884","27 Nov 2016 11:02:37 AM",""
"201","201","QR_CODE","1480204950573","27 Nov 2016 11:02:30 AM",""
"200","200","QR_CODE","1480204945576","27 Nov 2016 11:02:25 AM",""
"199","199","QR_CODE","1480204943153","27 Nov 2016 11:02:23 AM",""
"198","198","QR_CODE","1480204939448","27 Nov 2016 11:02:19 AM",""
"197","197","QR_CODE","1480204926408","27 Nov 2016 11:02:06 AM",""
"181","181","QR_CODE","1480204922165","27 Nov 2016 11:02:02 AM",""
"182","182","QR_CODE","1480204917136","27 Nov 2016 11:01:57 AM",""
"183","183","QR_CODE","1480204914536","27 Nov 2016 11:01:54 AM",""
"184","184","QR_CODE","1480204911776","27 Nov 2016 11:01:51 AM",""
"017","017","QR_CODE","1480204904324","27 Nov 2016 11:01:44 AM",""
"016","016","QR_CODE","1480204898219","27 Nov 2016 11:01:38 AM",""
"015","015","QR_CODE","1480204890604","27 Nov 2016 11:01:30 AM",""
"015","015","QR_CODE","1480204889414","27 Nov 2016 11:01:29 AM",""
"014","014","QR_CODE","1480204885113","27 Nov 2016 11:01:25 AM",""
"013","013","QR_CODE","1480204881581","27 Nov 2016 11:01:21 AM",""
"012","012","QR_CODE","1480204875791","27 Nov 2016 11:01:15 AM",""
"011","011","QR_CODE","1480204872058","27 Nov 2016 11:01:12 AM",""
"010","010","QR_CODE","1480204867384","27 Nov 2016 11:01:07 AM",""
"009","009","QR_CODE","1480204838485","27 Nov 2016 11:00:38 AM",""
"009","009","QR_CODE","1480204837306","27 Nov 2016 11:00:37 AM",""
"008","008","QR_CODE","1480204835113","27 Nov 2016 11:00:35 AM",""
"007","007","QR_CODE","1480204832011","27 Nov 2016 11:00:32 AM",""
"006","006","QR_CODE","1480204829066","27 Nov 2016 11:00:29 AM",""
"005","005","QR_CODE","1480204825164","27 Nov 2016 11:00:25 AM",""
"004","004","QR_CODE","1480204820779","27 Nov 2016 11:00:20 AM",""
"003","003","QR_CODE","1480204813556","27 Nov 2016 11:00:13 AM",""
"002","002","QR_CODE","1480204810703","27 Nov 2016 11:00:10 AM",""
"208","208","QR_CODE","1480204803595","27 Nov 2016 11:00:03 AM",""
"207","207","QR_CODE","1480204798571","27 Nov 2016 10:59:58 AM",""
"206","206","QR_CODE","1480204794155","27 Nov 2016 10:59:54 AM",""
"205","205","QR_CODE","1480204791241","27 Nov 2016 10:59:51 AM",""
"204","204","QR_CODE","1480204785838","27 Nov 2016 10:59:45 AM",""
"203","203","QR_CODE","1480204783129","27 Nov 2016 10:59:43 AM",""
"202","202","QR_CODE","1480204780240","27 Nov 2016 10:59:40 AM",""
"201","201","QR_CODE","1480204775688","27 Nov 2016 10:59:35 AM",""
"096","096","QR_CODE","1480204758829","27 Nov 2016 10:59:18 AM",""
"094","094","QR_CODE","1480204753640","27 Nov 2016 10:59:13 AM",""
"232","232","QR_CODE","1480204750170","27 Nov 2016 10:59:10 AM",""
"231","231","QR_CODE","1480204744912","27 Nov 2016 10:59:04 AM",""
"153","153","QR_CODE","1480204736830","27 Nov 2016 10:58:56 AM",""
"154","154","QR_CODE","1480204734524","27 Nov 2016 10:58:54 AM",""
"169","169","QR_CODE","1480204727978","27 Nov 2016 10:58:47 AM",""
"170","170","QR_CODE","1480204725450","27 Nov 2016 10:58:45 AM",""
"171","171","QR_CODE","1480204722060","27 Nov 2016 10:58:42 AM",""
"172","172","QR_CODE","1480204719661","27 Nov 2016 10:58:39 AM",""
"064","064","QR_CODE","1480204715157","27 Nov 2016 10:58:35 AM",""
"065","065","QR_CODE","1480204711354","27 Nov 2016 10:58:31 AM",""
"066","066","QR_CODE","1480204708262","27 Nov 2016 10:58:28 AM",""
"055","055","QR_CODE","1480204673762","27 Nov 2016 10:57:53 AM",""
"056","056","QR_CODE","1480204670367","27 Nov 2016 10:57:50 AM",""
"057","057","QR_CODE","1480204667300","27 Nov 2016 10:57:47 AM",""
"163","163","QR_CODE","1480204661592","27 Nov 2016 10:57:41 AM",""
"162","162","QR_CODE","1480204658426","27 Nov 2016 10:57:38 AM",""
"160","160","QR_CODE","1480204653857","27 Nov 2016 10:57:33 AM",""
"161","161","QR_CODE","1480204649925","27 Nov 2016 10:57:29 AM",""
"162","162","QR_CODE","1480204646875","27 Nov 2016 10:57:26 AM",""
"163","163","QR_CODE","1480204643821","27 Nov 2016 10:57:23 AM",""
"164","164","QR_CODE","1480204637985","27 Nov 2016 10:57:17 AM",""
"057","057","QR_CODE","1480204634284","27 Nov 2016 10:57:14 AM",""
"056","056","QR_CODE","1480204630704","27 Nov 2016 10:57:10 AM",""
"055","055","QR_CODE","1480204627442","27 Nov 2016 10:57:07 AM",""
"075","075","QR_CODE","1480204615737","27 Nov 2016 10:56:55 AM",""
"074","074","QR_CODE","1480204608909","27 Nov 2016 10:56:48 AM",""
"074","074","QR_CODE","1480204607603","27 Nov 2016 10:56:47 AM",""
"074","074","QR_CODE","1480204606027","27 Nov 2016 10:56:46 AM",""
"075","075","QR_CODE","1480204599715","27 Nov 2016 10:56:39 AM",""
"076","076","QR_CODE","1480204595613","27 Nov 2016 10:56:35 AM",""
"068","068","QR_CODE","1480204588330","27 Nov 2016 10:56:28 AM",""
"069","069","QR_CODE","1480204526711","27 Nov 2016 10:55:26 AM",""
"277","277","QR_CODE","1480204396382","27 Nov 2016 10:53:16 AM",""
"293","293","QR_CODE","1480204374692","27 Nov 2016 10:52:54 AM",""
"284","284","QR_CODE","1480204369590","27 Nov 2016 10:52:49 AM",""
"292","292","QR_CODE","1480204354358","27 Nov 2016 10:52:34 AM",""
"276","276","QR_CODE","1480204320549","27 Nov 2016 10:52:00 AM",""
"275","275","QR_CODE","1480204316672","27 Nov 2016 10:51:56 AM",""
"274","274","QR_CODE","1480204310738","27 Nov 2016 10:51:50 AM",""
"273","273","QR_CODE","1480204305224","27 Nov 2016 10:51:45 AM",""
"294","294","QR_CODE","1480204295572","27 Nov 2016 10:51:35 AM",""
"295","295","QR_CODE","1480204292291","27 Nov 2016 10:51:32 AM",""
"296","296","QR_CODE","1480204288457","27 Nov 2016 10:51:28 AM",""
"297","297","QR_CODE","1480204285267","27 Nov 2016 10:51:25 AM",""
"298","298","QR_CODE","1480204281137","27 Nov 2016 10:51:21 AM",""
"299","299","QR_CODE","1480204275410","27 Nov 2016 10:51:15 AM",""
"300","300","QR_CODE","1480204067173","27 Nov 2016 10:47:47 AM",""
"301","301","QR_CODE","1480204059983","27 Nov 2016 10:47:39 AM",""
"302","302","QR_CODE","1480204057673","27 Nov 2016 10:47:37 AM",""
"272","272","QR_CODE","1480204041315","27 Nov 2016 10:47:21 AM",""
"271","271","QR_CODE","1480204036763","27 Nov 2016 10:47:16 AM",""
"270","270","QR_CODE","1480204029545","27 Nov 2016 10:47:09 AM",""
"269","269","QR_CODE","1480204026057","27 Nov 2016 10:47:06 AM",""
"252","252","QR_CODE","1480204023132","27 Nov 2016 10:47:03 AM",""
"253","253","QR_CODE","1480204019416","27 Nov 2016 10:46:59 AM",""
"258","258","QR_CODE","1480204009192","27 Nov 2016 10:46:49 AM",""
"266","266","QR_CODE","1480204004510","27 Nov 2016 10:46:44 AM",""
"265","265","QR_CODE","1480204001195","27 Nov 2016 10:46:41 AM",""
"264","264","QR_CODE","1480203998406","27 Nov 2016 10:46:38 AM",""
"263","263","QR_CODE","1480203988317","27 Nov 2016 10:46:28 AM",""
"159","159","QR_CODE","1480203984508","27 Nov 2016 10:46:24 AM",""
"160","160","QR_CODE","1480203981871","27 Nov 2016 10:46:21 AM",""
"161","161","QR_CODE","1480203978503","27 Nov 2016 10:46:18 AM",""
"162","162","QR_CODE","1480203975829","27 Nov 2016 10:46:15 AM",""
"163","163","QR_CODE","1480203973549","27 Nov 2016 10:46:13 AM",""
"164","164","QR_CODE","1480203969023","27 Nov 2016 10:46:09 AM",""
"057","057","QR_CODE","1480203963700","27 Nov 2016 10:46:03 AM",""
"056","056","QR_CODE","1480203960821","27 Nov 2016 10:46:00 AM",""
"055","055","QR_CODE","1480203948479","27 Nov 2016 10:45:48 AM",""
"054","054","QR_CODE","1480203946091","27 Nov 2016 10:45:46 AM",""
"053","053","QR_CODE","1480203941518","27 Nov 2016 10:45:41 AM",""
"052","052","QR_CODE","1480203937984","27 Nov 2016 10:45:37 AM",""
"051","051","QR_CODE","1480203934716","27 Nov 2016 10:45:34 AM",""
"050","050","QR_CODE","1480203931138","27 Nov 2016 10:45:31 AM",""
"048","048","QR_CODE","1480203925771","27 Nov 2016 10:45:25 AM",""
"047","047","QR_CODE","1480203920759","27 Nov 2016 10:45:20 AM",""
"046","046","QR_CODE","1480203909044","27 Nov 2016 10:45:09 AM",""
"045","045","QR_CODE","1480203901049","27 Nov 2016 10:45:01 AM",""
"044","044","QR_CODE","1480203897496","27 Nov 2016 10:44:57 AM",""
"043","043","QR_CODE","1480203893749","27 Nov 2016 10:44:53 AM",""
"311","311","QR_CODE","1480203886024","27 Nov 2016 10:44:46 AM",""
"042","042","QR_CODE","1480203874670","27 Nov 2016 10:44:34 AM",""
"040","040","QR_CODE","1480203872171","27 Nov 2016 10:44:32 AM",""
"038","038","QR_CODE","1480203868931","27 Nov 2016 10:44:28 AM",""
"037","037","QR_CODE","1480203862492","27 Nov 2016 10:44:22 AM",""
"036","036","QR_CODE","1480203858274","27 Nov 2016 10:44:18 AM",""
"035","035","QR_CODE","1480203844627","27 Nov 2016 10:44:04 AM",""
"024","024","QR_CODE","1480203838392","27 Nov 2016 10:43:58 AM",""
"023","023","QR_CODE","1480203830221","27 Nov 2016 10:43:50 AM",""
"022","022","QR_CODE","1480203824577","27 Nov 2016 10:43:44 AM",""
"021","021","QR_CODE","1480203820742","27 Nov 2016 10:43:40 AM",""
"020","020","QR_CODE","1480203818472","27 Nov 2016 10:43:38 AM",""
"019","019","QR_CODE","1480203813426","27 Nov 2016 10:43:33 AM",""
"018","018","QR_CODE","1480203808363","27 Nov 2016 10:43:28 AM",""
"186","186","QR_CODE","1480203802543","27 Nov 2016 10:43:22 AM",""
"194","194","QR_CODE","1480203796955","27 Nov 2016 10:43:16 AM",""
"085","085","QR_CODE","1480203789915","27 Nov 2016 10:43:09 AM",""
"083","083","QR_CODE","1480203787298","27 Nov 2016 10:43:07 AM",""
"082","082","QR_CODE","1480203782892","27 Nov 2016 10:43:02 AM",""
"078","078","QR_CODE","1480203768603","27 Nov 2016 10:42:48 AM",""
"077","077","QR_CODE","1480203765449","27 Nov 2016 10:42:45 AM",""
"067","067","QR_CODE","1480203758369","27 Nov 2016 10:42:38 AM",""
"066","066","QR_CODE","1480203751897","27 Nov 2016 10:42:31 AM",""
"065","065","QR_CODE","1480203747599","27 Nov 2016 10:42:27 AM",""
"064","064","QR_CODE","1480203742666","27 Nov 2016 10:42:22 AM",""
"172","172","QR_CODE","1480203734610","27 Nov 2016 10:42:14 AM",""
"176","176","QR_CODE","1480203729669","27 Nov 2016 10:42:09 AM",""
"175","175","QR_CODE","1480203722485","27 Nov 2016 10:42:02 AM",""
"086","086","QR_CODE","1480203718583","27 Nov 2016 10:41:58 AM",""
"087","087","QR_CODE","1480203713239","27 Nov 2016 10:41:53 AM",""
"088","088","QR_CODE","1480203709495","27 Nov 2016 10:41:49 AM",""
"183","183","QR_CODE","1480203702918","27 Nov 2016 10:41:42 AM",""
"182","182","QR_CODE","1480203699151","27 Nov 2016 10:41:39 AM",""
"181","181","QR_CODE","1480203696269","27 Nov 2016 10:41:36 AM",""
"197","197","QR_CODE","1480203693175","27 Nov 2016 10:41:33 AM",""
"198","198","QR_CODE","1480203689496","27 Nov 2016 10:41:29 AM",""
"199","199","QR_CODE","1480203686599","27 Nov 2016 10:41:26 AM",""
"200","200","QR_CODE","1480203681396","27 Nov 2016 10:41:21 AM",""
"201","201","QR_CODE","1480203676446","27 Nov 2016 10:41:16 AM",""
"202","202","QR_CODE","1480203671167","27 Nov 2016 10:41:11 AM",""
"203","203","QR_CODE","1480203666111","27 Nov 2016 10:41:06 AM",""
"204","204","QR_CODE","1480203663389","27 Nov 2016 10:41:03 AM",""
"205","205","QR_CODE","1480203659843","27 Nov 2016 10:40:59 AM",""
"206","206","QR_CODE","1480203657152","27 Nov 2016 10:40:57 AM",""
"207","207","QR_CODE","1480203654455","27 Nov 2016 10:40:54 AM",""
"208","208","QR_CODE","1480203647264","27 Nov 2016 10:40:47 AM",""
"221","221","QR_CODE","1480203641057","27 Nov 2016 10:40:41 AM",""
"210","210","QR_CODE","1480203638820","27 Nov 2016 10:40:38 AM",""
"209","209","QR_CODE","1480203630534","27 Nov 2016 10:40:30 AM",""
"211","211","QR_CODE","1480203626955","27 Nov 2016 10:40:26 AM",""
"132","132","QR_CODE","1480203621600","27 Nov 2016 10:40:21 AM",""
"212","212","QR_CODE","1480203619432","27 Nov 2016 10:40:19 AM",""
"129","129","QR_CODE","1480203617062","27 Nov 2016 10:40:17 AM",""
"127","127","QR_CODE","1480203611780","27 Nov 2016 10:40:11 AM",""
"126","126","QR_CODE","1480203607279","27 Nov 2016 10:40:07 AM",""
"125","125","QR_CODE","1480203600235","27 Nov 2016 10:40:00 AM",""
"124","124","QR_CODE","1480203595962","27 Nov 2016 10:39:55 AM",""
"123","123","QR_CODE","1480203577279","27 Nov 2016 10:39:37 AM",""
"122","122","QR_CODE","1480203574032","27 Nov 2016 10:39:34 AM",""
"121","121","QR_CODE","1480203569998","27 Nov 2016 10:39:29 AM",""
"120","120","QR_CODE","1480203564931","27 Nov 2016 10:39:24 AM",""
"137","137","QR_CODE","1480203560960","27 Nov 2016 10:39:20 AM",""
"138","138","QR_CODE","1480203526383","27 Nov 2016 10:38:46 AM",""
"139","139","QR_CODE","1480203523852","27 Nov 2016 10:38:43 AM",""
"140","140","QR_CODE","1480203519977","27 Nov 2016 10:38:39 AM",""
"118","118","QR_CODE","1480203515071","27 Nov 2016 10:38:35 AM",""
"243","243","QR_CODE","1480203512118","27 Nov 2016 10:38:32 AM",""
"239","239","QR_CODE","1480203508121","27 Nov 2016 10:38:28 AM",""
"240","240","QR_CODE","1480203504017","27 Nov 2016 10:38:24 AM",""
"148","148","QR_CODE","1480203501159","27 Nov 2016 10:38:21 AM",""
"147","147","QR_CODE","1480203498326","27 Nov 2016 10:38:18 AM",""
"146","146","QR_CODE","1480203490923","27 Nov 2016 10:38:10 AM",""
"145","145","QR_CODE","1480203486172","27 Nov 2016 10:38:06 AM",""
"285","285","QR_CODE","1480203407085","27 Nov 2016 10:36:47 AM",""
"158","158","QR_CODE","1480203108123","27 Nov 2016 10:31:48 AM",""
"157","157","QR_CODE","1480203103981","27 Nov 2016 10:31:43 AM",""
"235","235","QR_CODE","1480203099590","27 Nov 2016 10:31:39 AM",""
"237","237","QR_CODE","1480203092462","27 Nov 2016 10:31:32 AM",""
"244","244","QR_CODE","1480203070618","27 Nov 2016 10:31:10 AM",""
"245","245","QR_CODE","1480203067866","27 Nov 2016 10:31:07 AM",""
"246","246","QR_CODE","1480203065067","27 Nov 2016 10:31:05 AM",""
"248","248","QR_CODE","1480203058660","27 Nov 2016 10:30:58 AM",""
"249","249","QR_CODE","1480203055294","27 Nov 2016 10:30:55 AM",""
"250","250","QR_CODE","1480203050738","27 Nov 2016 10:30:50 AM",""
"251","251","QR_CODE","1480203046249","27 Nov 2016 10:30:46 AM",""
"267","267","QR_CODE","1480203042666","27 Nov 2016 10:30:42 AM",""
"259","259","QR_CODE","1480203039030","27 Nov 2016 10:30:39 AM",""
"261","261","QR_CODE","1480203034634","27 Nov 2016 10:30:34 AM",""
"262","262","QR_CODE","1480203031943","27 Nov 2016 10:30:31 AM",""
"144","144","QR_CODE","1480203016008","27 Nov 2016 10:30:16 AM",""
"143","143","QR_CODE","1480203007097","27 Nov 2016 10:30:07 AM",""
"142","142","QR_CODE","1480203000674","27 Nov 2016 10:30:00 AM",""
"141","141","QR_CODE","1480202995548","27 Nov 2016 10:29:55 AM",""
"133","133","QR_CODE","1480202873046","27 Nov 2016 10:27:53 AM",""
"134","134","QR_CODE","1480202869516","27 Nov 2016 10:27:49 AM",""
"135","135","QR_CODE","1480202864353","27 Nov 2016 10:27:44 AM",""
"136","136","QR_CODE","1480202860026","27 Nov 2016 10:27:40 AM",""
"102","102","QR_CODE","1480202857159","27 Nov 2016 10:27:37 AM",""
"100","100","QR_CODE","1480202851323","27 Nov 2016 10:27:31 AM",""
"009","009","QR_CODE","1480202672101","27 Nov 2016 10:24:32 AM",""
"008","008","QR_CODE","1480202669709","27 Nov 2016 10:24:29 AM",""
"184","184","QR_CODE","1480202634863","27 Nov 2016 10:23:54 AM",""
"185","185","QR_CODE","1480202628335","27 Nov 2016 10:23:48 AM",""
"076","076","QR_CODE","1480202577364","27 Nov 2016 10:22:57 AM",""
"075","075","QR_CODE","1480202572608","27 Nov 2016 10:22:52 AM",""
"074","074","QR_CODE","1480202568651","27 Nov 2016 10:22:48 AM",""
"278","278","QR_CODE","1480202449431","27 Nov 2016 10:20:49 AM",""
"279","279","QR_CODE","1480202444673","27 Nov 2016 10:20:44 AM",""
"280","280","QR_CODE","1480202441776","27 Nov 2016 10:20:41 AM",""
"281","281","QR_CODE","1480202376464","27 Nov 2016 10:19:36 AM",""
"283","283","QR_CODE","1480202361647","27 Nov 2016 10:19:21 AM",""
"156","156","QR_CODE","1480201861042","27 Nov 2016 10:11:01 AM",""
"155","155","QR_CODE","1480201856953","27 Nov 2016 10:10:56 AM",""
"234","234","QR_CODE","1480201852751","27 Nov 2016 10:10:52 AM",""
"169","169","QR_CODE","1480201841154","27 Nov 2016 10:10:41 AM",""
"170","170","QR_CODE","1480201837339","27 Nov 2016 10:10:37 AM",""
"171","171","QR_CODE","1480201833160","27 Nov 2016 10:10:33 AM",""
"079","079","QR_CODE","1480201795731","27 Nov 2016 10:09:55 AM",""
"015","015","QR_CODE","1480201738388","27 Nov 2016 10:08:58 AM",""
"014","014","QR_CODE","1480201733868","27 Nov 2016 10:08:53 AM",""
"013","013","QR_CODE","1480201730899","27 Nov 2016 10:08:50 AM",""
"012","012","QR_CODE","1480201727455","27 Nov 2016 10:08:47 AM",""
"011","011","QR_CODE","1480201722230","27 Nov 2016 10:08:42 AM",""
"010","010","QR_CODE","1480201674672","27 Nov 2016 10:07:54 AM",""
"007","007","QR_CODE","1480201662982","27 Nov 2016 10:07:42 AM",""
"006","006","QR_CODE","1480201659258","27 Nov 2016 10:07:39 AM",""
"005","005","QR_CODE","1480201656510","27 Nov 2016 10:07:36 AM",""
"004","004","QR_CODE","1480201652343","27 Nov 2016 10:07:32 AM",""
"003","003","QR_CODE","1480201644200","27 Nov 2016 10:07:24 AM",""
"002","002","QR_CODE","1480201640636","27 Nov 2016 10:07:20 AM",""
"001","001","QR_CODE","1480201636301","27 Nov 2016 10:07:16 AM",""
"220","220","QR_CODE","1480201614102","27 Nov 2016 10:06:54 AM",""
"214","214","QR_CODE","1480201611367","27 Nov 2016 10:06:51 AM",""
"215","215","QR_CODE","1480201609287","27 Nov 2016 10:06:49 AM",""
"216","216","QR_CODE","1480201604057","27 Nov 2016 10:06:44 AM",""
"217","217","QR_CODE","1480201600516","27 Nov 2016 10:06:40 AM",""
"218","218","QR_CODE","1480201597379","27 Nov 2016 10:06:37 AM",""
"219","219","QR_CODE","1480201594952","27 Nov 2016 10:06:34 AM",""
"116","116","QR_CODE","1480201506772","27 Nov 2016 10:05:06 AM",""
"114","114","QR_CODE","1480201504818","27 Nov 2016 10:05:04 AM",""
"117","117","QR_CODE","1480201498496","27 Nov 2016 10:04:58 AM",""
"236","236","QR_CODE","1480201455588","27 Nov 2016 10:04:15 AM",""
"073","073","QR_CODE","1480201309173","27 Nov 2016 10:01:49 AM",""
"072","072","QR_CODE","1480201302313","27 Nov 2016 10:01:42 AM",""
"070","070","QR_CODE","1480201294506","27 Nov 2016 10:01:34 AM",""
"069","069","QR_CODE","1480201289987","27 Nov 2016 10:01:29 AM",""
"068","068","QR_CODE","1480201286697","27 Nov 2016 10:01:26 AM",""
"089","089","QR_CODE","1480201232505","27 Nov 2016 10:00:32 AM",""
"180","180","QR_CODE","1480201226509","27 Nov 2016 10:00:26 AM",""
"179","179","QR_CODE","1480201220321","27 Nov 2016 10:00:20 AM",""
"178","178","QR_CODE","1480201216435","27 Nov 2016 10:00:16 AM",""
"177","177","QR_CODE","1480201212716","27 Nov 2016 10:00:12 AM",""
"303","303","QR_CODE","1480201118450","27 Nov 2016 9:58:38 AM",""
"310","310","QR_CODE","1480201113266","27 Nov 2016 9:58:33 AM",""
"309","309","QR_CODE","1480201107942","27 Nov 2016 9:58:27 AM",""
"308","308","QR_CODE","1480201105233","27 Nov 2016 9:58:25 AM",""
"307","307","QR_CODE","1480201099918","27 Nov 2016 9:58:19 AM",""
"306","306","QR_CODE","1480201096197","27 Nov 2016 9:58:16 AM",""
"282","282","QR_CODE","1480201008872","27 Nov 2016 9:56:48 AM",""
"304","304","QR_CODE","1480200959383","27 Nov 2016 9:55:59 AM",""
"305","305","QR_CODE","1480200955878","27 Nov 2016 9:55:55 AM",""
"242","242","QR_CODE","1480200737611","27 Nov 2016 9:52:17 AM",""
"111","111","QR_CODE","1480200731253","27 Nov 2016 9:52:11 AM",""
"119","119","QR_CODE","1480200727223","27 Nov 2016 9:52:07 AM",""
"187","187","QR_CODE","1480200594801","27 Nov 2016 9:49:54 AM",""
"188","188","QR_CODE","1480200591009","27 Nov 2016 9:49:51 AM",""
"016","016","QR_CODE","1480200573546","27 Nov 2016 9:49:33 AM",""
"110","110","QR_CODE","1480200458872","27 Nov 2016 9:47:38 AM",""
"109","109","QR_CODE","1480200453385","27 Nov 2016 9:47:33 AM",""
"108","108","QR_CODE","1480200449516","27 Nov 2016 9:47:29 AM",""
"106","106","QR_CODE","1480200438515","27 Nov 2016 9:47:18 AM",""
"151","151","QR_CODE","1480200433042","27 Nov 2016 9:47:13 AM",""
"154","154","QR_CODE","1480200070540","27 Nov 2016 9:41:10 AM",""
"153","153","QR_CODE","1480200067750","27 Nov 2016 9:41:07 AM",""
"152","152","QR_CODE","1480200062470","27 Nov 2016 9:41:02 AM",""
"229","229","QR_CODE","1480200055755","27 Nov 2016 9:40:55 AM",""
"228","228","QR_CODE","1480200051122","27 Nov 2016 9:40:51 AM",""
"104","104","QR_CODE","1480200040138","27 Nov 2016 9:40:40 AM",""
"241","241","QR_CODE","1480199998430","27 Nov 2016 9:39:58 AM",""
"113","113","QR_CODE","1480199972364","27 Nov 2016 9:39:32 AM",""
"112","112","QR_CODE","1480199967391","27 Nov 2016 9:39:27 AM",""
"130","130","QR_CODE","1480199914630","27 Nov 2016 9:38:34 AM",""
"131","131","QR_CODE","1480199905643","27 Nov 2016 9:38:25 AM",""
"099","099","QR_CODE","1480199802207","27 Nov 2016 9:36:42 AM",""
"098","098","QR_CODE","1480199796991","27 Nov 2016 9:36:36 AM",""
"097","097","QR_CODE","1480199787278","27 Nov 2016 9:36:27 AM",""
"096","096","QR_CODE","1480199774046","27 Nov 2016 9:36:14 AM",""
"094","094","QR_CODE","1480199766882","27 Nov 2016 9:36:06 AM",""
"232","232","QR_CODE","1480199762720","27 Nov 2016 9:36:02 AM",""
"231","231","QR_CODE","1480199752494","27 Nov 2016 9:35:52 AM",""
"230","230","QR_CODE","1480199749013","27 Nov 2016 9:35:49 AM",""
"071","071","QR_CODE","1480199677680","27 Nov 2016 9:34:37 AM",""
"084","084","QR_CODE","1480199531225","27 Nov 2016 9:32:11 AM",""
"090","090","QR_CODE","1480199419077","27 Nov 2016 9:30:19 AM",""
"091","091","QR_CODE","1480199413951","27 Nov 2016 9:30:13 AM",""
"128","128","QR_CODE","1480199294981","27 Nov 2016 9:28:14 AM",""
"107","107","QR_CODE","1480199159175","27 Nov 2016 9:25:59 AM",""
"105","105","QR_CODE","1480199151612","27 Nov 2016 9:25:51 AM",""
"189","189","QR_CODE","1480198989075","27 Nov 2016 9:23:09 AM",""
"190","190","QR_CODE","1480198984861","27 Nov 2016 9:23:04 AM",""
"017","017","QR_CODE","1480198798298","27 Nov 2016 9:19:58 AM",""
"168","168","QR_CODE","1480198453633","27 Nov 2016 9:14:13 AM",""
