Name, Text, Date, Time
"Text","169",11/28/2016,18:33:05
"Text","168",11/28/2016,18:33:01
"Text","169",11/28/2016,18:32:58
"Text","168",11/28/2016,18:32:54
"Text","169",11/28/2016,18:32:46
"Text","170",11/28/2016,18:32:41
"Text","177",11/28/2016,18:32:38
"Text","170",11/28/2016,18:32:34
"Text","171",11/28/2016,18:32:28
"Text","172",11/28/2016,18:32:24
"Text","064",11/28/2016,18:32:20
"Text","065",11/28/2016,18:32:14
"Text","066",11/28/2016,18:32:10
"Text","067",11/28/2016,18:32:06
"Text","076",11/28/2016,18:31:46
"Text","068",11/28/2016,18:31:40
"Text","069",11/28/2016,18:31:35
"Text","070",11/28/2016,18:31:30
"Text","071",11/28/2016,18:31:24
"Text","044",11/28/2016,18:31:18
"Text","045",11/28/2016,18:31:14
"Text","046",11/28/2016,18:31:11
"Text","045",11/28/2016,18:31:06
"Text","046",11/28/2016,18:31:03
"Text","045",11/28/2016,18:30:58
"Text","044",11/28/2016,18:30:54
"Text","071",11/28/2016,18:30:50
"Text","044",11/28/2016,18:30:39
"Text","071",11/28/2016,18:30:36
"Text","044",11/28/2016,18:30:31
"Text","043",11/28/2016,18:30:25
"Text","040",11/28/2016,18:30:14
"Text","041",11/28/2016,18:30:10
"Text","040",11/28/2016,18:30:07
"Text","041",11/28/2016,18:30:02
"Text","081",11/28/2016,18:29:57
"Text","078",11/28/2016,18:29:53
"Text","077",11/28/2016,18:29:45
"Text","067",11/28/2016,18:29:39
"Text","076",11/28/2016,18:29:34
"Text","075",11/28/2016,18:29:29
"Text","074",11/28/2016,18:29:25
"Text","054",11/28/2016,18:29:17
"Text","055",11/28/2016,18:29:13
"Text","056",11/28/2016,18:29:08
"Text","057",11/28/2016,18:29:04
"Text","164",11/28/2016,18:29:01
"Text","057",11/28/2016,18:28:56
"Text","164",11/28/2016,18:28:53
"Text","057",11/28/2016,18:28:49
"Text","164",11/28/2016,18:28:46
"Text","057",11/28/2016,18:28:43
"Text","164",11/28/2016,18:28:39
"Text","057",11/28/2016,18:28:36
"Text","164",11/28/2016,18:28:32
"Text","057",11/28/2016,18:28:27
"Text","056",11/28/2016,18:28:22
"Text","055",11/28/2016,18:28:18
"Text","054",11/28/2016,18:28:14
"Text","053",11/28/2016,18:28:09
"Text","052",11/28/2016,18:28:03
"Text","051",11/28/2016,18:28:00
"Text","052",11/28/2016,18:27:56
"Text","051",11/28/2016,18:27:53
"Text","052",11/28/2016,18:27:48
"Text","073",11/28/2016,18:27:43
"Text","072",11/28/2016,18:27:36
"Text","070",11/28/2016,18:27:31
"Text","069",11/28/2016,18:27:26
"Text","069",11/28/2016,18:27:23
"Text","068",11/28/2016,18:26:58
"Text","076",11/28/2016,18:26:54
"Text","067",11/28/2016,18:26:48
"Text","066",11/28/2016,18:26:43
"Text","065",11/28/2016,18:26:37
"Text","064",11/28/2016,18:26:34
"Text","172",11/28/2016,18:26:28
"Text","171",11/28/2016,18:26:23
"Text","177",11/28/2016,18:26:16
"Text","170",11/28/2016,18:26:13
"Text","169",11/28/2016,18:26:07
"Text","168",11/28/2016,18:26:02
"Text","154",11/28/2016,18:25:56
"Text","153",11/28/2016,18:25:51
"Text","155",11/28/2016,18:25:35
"Text","156",11/28/2016,18:25:31
"Text","157",11/28/2016,18:25:27
"Text","158",11/28/2016,18:25:23
"Text","159",11/28/2016,18:25:15
"Text","263",11/28/2016,18:25:10
"Text","145",11/28/2016,18:25:05
"Text","244",11/28/2016,18:25:02
"Text","145",11/28/2016,18:24:58
"Text","263",11/28/2016,18:24:51
"Text","262",11/28/2016,18:24:48
"Text","245",11/28/2016,18:24:43
"Text","246",11/28/2016,18:24:39
"Text","265",11/28/2016,18:24:24
"Text","266",11/28/2016,18:24:20
"Text","258",11/28/2016,18:24:16
"Text","253",11/28/2016,18:24:12
"Text","252",11/28/2016,18:24:07
"Text","269",11/28/2016,18:24:00
"Text","269",11/28/2016,18:23:20
"Text","270",11/28/2016,18:23:15
"Text","271",11/28/2016,18:23:11
"Text","272",11/28/2016,18:23:06
"Text","273",11/28/2016,18:23:00
"Text","274",11/28/2016,18:22:54
"Text","275",11/28/2016,18:22:50
"Text","276",11/28/2016,18:22:46
"Text","306",11/28/2016,18:22:42
"Text","305",11/28/2016,18:22:38
"Text","304",11/28/2016,18:22:33
"Text","303",11/28/2016,18:22:30
"Text","310",11/28/2016,18:22:26
"Text","308",11/28/2016,18:22:18
"Text","307",11/28/2016,18:22:11
"Text","308",11/28/2016,18:22:08
"Text","309",11/28/2016,18:22:04
"Text","310",11/28/2016,18:22:01
"Text","303",11/28/2016,18:21:57
"Text","304",11/28/2016,18:21:54
"Text","305",11/28/2016,18:21:50
"Text","306",11/28/2016,18:21:47
"Text","305",11/28/2016,18:21:43
"Text","304",11/28/2016,18:21:39
"Text","303",11/28/2016,18:21:35
"Text","310",11/28/2016,18:21:31
"Text","309",11/28/2016,18:21:28
"Text","308",11/28/2016,18:21:24
"Text","306",11/28/2016,18:21:17
"Text","305",11/28/2016,18:21:14
"Text","304",11/28/2016,18:21:09
"Text","303",11/28/2016,18:21:05
"Text","310",11/28/2016,18:21:01
"Text","309",11/28/2016,18:20:58
"Text","308",11/28/2016,18:20:54
"Text","307",11/28/2016,18:20:51
"Text","306",11/28/2016,18:20:47
"Text","305",11/28/2016,18:20:43
"Text","304",11/28/2016,18:20:39
"Text","303",11/28/2016,18:20:35
"Text","310",11/28/2016,18:20:31
"Text","309",11/28/2016,18:20:27
"Text","308",11/28/2016,18:20:24
"Text","307",11/28/2016,18:20:20
"Text","306",11/28/2016,18:20:15
"Text","276",11/28/2016,18:20:08
"Text","277",11/28/2016,18:19:58
"Text","278",11/28/2016,18:19:54
"Text","277",11/28/2016,18:19:39
"Text","293",11/28/2016,18:19:35
"Text","278",11/28/2016,18:19:30
"Text","279",11/28/2016,18:19:25
"Text","280",11/28/2016,18:19:19
"Text","279",11/28/2016,18:19:15
"Text","280",11/28/2016,18:18:52
"Text","279",11/28/2016,18:18:48
"Text","280",11/28/2016,18:18:44
"Text","281",11/28/2016,18:18:32
"Text","282",11/28/2016,18:18:28
"Text","281",11/28/2016,18:18:22
"Text","282",11/28/2016,18:18:17
"Text","283",11/28/2016,18:18:11
"Text","284",11/28/2016,18:18:06
"Text","285",11/28/2016,18:17:59
"Text","292",11/28/2016,18:17:51
"Text","293",11/28/2016,18:17:47
"Text","277",11/28/2016,18:17:43
"Text","276",11/28/2016,18:17:39
"Text","275",11/28/2016,18:17:34
"Text","274",11/28/2016,18:17:28
"Text","273",11/28/2016,18:17:11
"Text","303",11/28/2016,18:17:07
"Text","304",11/28/2016,18:17:03
"Text","305",11/28/2016,18:16:57
"Text","306",11/28/2016,18:16:54
"Text","305",11/28/2016,18:16:51
"Text","304",11/28/2016,18:16:45
"Text","303",11/28/2016,18:16:42
"Text","310",11/28/2016,18:16:38
"Text","309",11/28/2016,18:16:35
"Text","310",11/28/2016,18:16:31
"Text","309",11/28/2016,18:16:25
"Text","308",11/28/2016,18:16:21
"Text","307",11/28/2016,18:16:18
"Text","306",11/28/2016,18:16:12
"Text","305",11/28/2016,18:16:08
"Text","304",11/28/2016,18:16:03
"Text","303",11/28/2016,18:15:59
"Text","304",11/28/2016,18:15:56
"Text","305",11/28/2016,18:15:52
"Text","305",11/28/2016,18:15:11
"Text","306",11/28/2016,18:15:07
"Text","305",11/28/2016,18:15:03
"Text","307",11/28/2016,18:14:56
"Text","308",11/28/2016,18:14:46
"Text","309",11/28/2016,18:14:43
"Text","309",11/28/2016,18:14:43
"Text","308",11/28/2016,18:14:40
"Text","309",11/28/2016,18:14:27
"Text","308",11/28/2016,18:14:24
"Text","309",11/28/2016,18:14:19
"Text","310",11/28/2016,18:14:10
"Text","303",11/28/2016,18:14:05
"Text","273",11/28/2016,18:14:01
"Text","272",11/28/2016,18:13:57
"Text","271",11/28/2016,18:13:53
"Text","270",11/28/2016,18:13:49
"Text","269",11/28/2016,18:13:44
"Text","252",11/28/2016,18:13:36
"Text","253",11/28/2016,18:13:31
"Text","258",11/28/2016,18:13:27
"Text","254",11/28/2016,18:13:21
"Text","255",11/28/2016,18:13:15
"Text","256",11/28/2016,18:13:11
"Text","257",11/28/2016,18:13:06
"Text","257",11/28/2016,18:12:26
"Text","256",11/28/2016,18:12:19
"Text","255",11/28/2016,18:12:16
"Text","254",11/28/2016,18:12:07
"Text","258",11/28/2016,18:11:58
"Text","253",11/28/2016,18:11:54
"Text","252",11/28/2016,18:11:49
"Text","269",11/28/2016,18:11:44
"Text","252",11/28/2016,18:11:39
"Text","253",11/28/2016,18:11:34
"Text","258",11/28/2016,18:11:30
"Text","266",11/28/2016,18:11:26
"Text","265",11/28/2016,18:11:18
"Text","264",11/28/2016,18:11:14
"Text","159",11/28/2016,18:11:10
"Text","263",11/28/2016,18:11:06
"Text","262",11/28/2016,18:11:02
"Text","261",11/28/2016,18:10:58
"Text","246",11/28/2016,18:10:53
"Text","245",11/28/2016,18:10:49
"Text","244",11/28/2016,18:10:45
"Text","145",11/28/2016,18:10:42
"Text","263",11/28/2016,18:10:35
"Text","159",11/28/2016,18:10:32
"Text","158",11/28/2016,18:10:25
"Text","157",11/28/2016,18:10:21
"Text","156",11/28/2016,18:10:16
"Text","155",11/28/2016,18:10:10
"Text","156",11/28/2016,18:10:03
"Text","157",11/28/2016,18:09:54
"Text","158",11/28/2016,18:09:21
"Text","159",11/28/2016,18:09:10
"Text","160",11/28/2016,18:09:04
"Text","161",11/28/2016,18:08:58
"Text","162",11/28/2016,18:08:53
"Text","163",11/28/2016,18:08:47
"Text","164",11/28/2016,18:08:33
"Text","057",11/28/2016,18:08:29
"Text","164",11/28/2016,18:07:52
"Text","057",11/28/2016,18:07:47
"Text","056",11/28/2016,18:07:42
"Text","055",11/28/2016,18:07:37
"Text","054",11/28/2016,18:07:34
"Text","053",11/28/2016,18:07:29
"Text","052",11/28/2016,18:07:23
"Text","051",11/28/2016,18:07:19
"Text","050",11/28/2016,18:07:16
"Text","051",11/28/2016,18:07:11
"Text","052",11/28/2016,18:07:06
"Text","053",11/28/2016,18:07:01
"Text","054",11/28/2016,18:06:57
"Text","074",11/28/2016,18:06:49
"Text","075",11/28/2016,18:06:45
"Text","076",11/28/2016,18:06:37
"Text","067",11/28/2016,18:06:31
"Text","066",11/28/2016,18:06:25
"Text","065",11/28/2016,18:06:20
"Text","172",11/28/2016,18:06:12
"Text","171",11/28/2016,18:06:09
"Text","172",11/28/2016,18:06:03
"Text","176",11/28/2016,18:05:57
"Text","175",11/28/2016,18:05:51
"Text","086",11/28/2016,18:05:46
"Text","087",11/28/2016,18:05:42
"Text","086",11/28/2016,18:05:38
"Text","175",11/28/2016,18:05:34
"Text","086",11/28/2016,18:05:29
"Text","175",11/28/2016,18:05:25
"Text","087",11/28/2016,18:05:22
"Text","086",11/28/2016,18:05:18
"Text","084",11/28/2016,18:05:13
"Text","083",11/28/2016,18:05:05
"Text","082",11/28/2016,18:05:02
"Text","085",11/28/2016,18:04:57
"Text","194",11/28/2016,18:04:52
"Text","193",11/28/2016,18:04:47
"Text","192",11/28/2016,18:04:43
"Text","193",11/28/2016,18:04:40
"Text","192",11/28/2016,18:04:37
"Text","193",11/28/2016,18:04:33
"Text","192",11/28/2016,18:04:30
"Text","191",11/28/2016,18:04:26
"Text","192",11/28/2016,18:04:21
"Text","191",11/28/2016,18:04:16
"Text","036",11/28/2016,18:04:10
"Text","037",11/28/2016,18:04:06
"Text","036",11/28/2016,18:04:03
"Text","035",11/28/2016,18:03:55
"Text","190",11/28/2016,18:03:51
"Text","035",11/28/2016,18:03:48
"Text","190",11/28/2016,18:03:45
"Text","035",11/28/2016,18:03:41
"Text","034",11/28/2016,18:03:34
"Text","314",11/28/2016,18:03:29
"Text","034",11/28/2016,18:03:21
"Text","024",11/28/2016,18:03:15
"Text","190",11/28/2016,18:03:11
"Text","189",11/28/2016,18:03:08
"Text","188",11/28/2016,18:03:03
"Text","187",11/28/2016,18:02:59
"Text","186",11/28/2016,18:02:55
"Text","185",11/28/2016,18:02:50
"Text","184",11/28/2016,18:02:46
"Text","183",11/28/2016,18:02:42
"Text","182",11/28/2016,18:02:38
"Text","181",11/28/2016,18:02:34
"Text","197",11/28/2016,18:02:30
"Text","198",11/28/2016,18:02:25
"Text","199",11/28/2016,18:02:21
"Text","200",11/28/2016,18:02:17
"Text","201",11/28/2016,18:02:14
"Text","202",11/28/2016,18:02:09
"Text","203",11/28/2016,18:02:04
"Text","204",11/28/2016,18:01:59
"Text","205",11/28/2016,18:01:55
"Text","206",11/28/2016,18:01:51
"Text","207",11/28/2016,18:01:47
"Text","208",11/28/2016,18:01:43
"Text","221",11/28/2016,18:01:37
"Text","220",11/28/2016,18:01:32
"Text","214",11/28/2016,18:01:29
"Text","215",11/28/2016,18:01:25
"Text","216",11/28/2016,18:01:22
"Text","217",11/28/2016,18:01:18
"Text","218",11/28/2016,18:01:10
"Text","219",11/28/2016,18:01:06
"Text","220",11/28/2016,18:01:02
"Text","219",11/28/2016,18:00:56
"Text","218",11/28/2016,18:00:53
"Text","217",11/28/2016,18:00:49
"Text","216",11/28/2016,18:00:46
"Text","215",11/28/2016,18:00:34
"Text","214",11/28/2016,18:00:31
"Text","220",11/28/2016,18:00:27
"Text","214",11/28/2016,18:00:23
"Text","215",11/28/2016,18:00:20
"Text","216",11/28/2016,18:00:16
"Text","217",11/28/2016,18:00:12
"Text","216",11/28/2016,18:00:01
"Text","217",11/28/2016,17:59:56
"Text","218",11/28/2016,17:59:53
"Text","216",11/28/2016,17:59:50
"Text","217",11/28/2016,17:59:46
"Text","218",11/28/2016,17:59:42
"Text","217",11/28/2016,17:59:39
"Text","216",11/28/2016,17:59:36
"Text","218",11/28/2016,17:59:30
"Text","216",11/28/2016,17:59:26
"Text","217",11/28/2016,17:59:21
"Text","218",11/28/2016,17:59:17
"Text","217",11/28/2016,17:59:14
"Text","218",11/28/2016,17:59:06
"Text","219",11/28/2016,17:59:03
"Text","218",11/28/2016,17:58:59
"Text","217",11/28/2016,17:58:56
"Text","218",11/28/2016,17:58:51
"Text","219",11/28/2016,17:58:47
"Text","218",11/28/2016,17:58:44
"Text","217",11/28/2016,17:58:40
"Text","218",11/28/2016,17:58:34
"Text","219",11/28/2016,17:58:30
"Text","219",11/28/2016,17:57:59
"Text","220",11/28/2016,17:57:54
"Text","219",11/28/2016,17:57:48
"Text","218",11/28/2016,17:57:44
"Text","217",11/28/2016,17:57:41
"Text","216",11/28/2016,17:57:36
"Text","215",11/28/2016,17:57:32
"Text","214",11/28/2016,17:57:28
"Text","220",11/28/2016,17:57:24
"Text","221",11/28/2016,17:57:19
"Text","208",11/28/2016,17:57:15
"Text","207",11/28/2016,17:57:10
"Text","206",11/28/2016,17:57:05
"Text","205",11/28/2016,17:57:01
"Text","204",11/28/2016,17:56:57
"Text","203",11/28/2016,17:56:53
"Text","202",11/28/2016,17:56:48
"Text","201",11/28/2016,17:56:43
"Text","200",11/28/2016,17:56:39
"Text","199",11/28/2016,17:56:36
"Text","198",11/28/2016,17:56:30
"Text","197",11/28/2016,17:56:26
"Text","181",11/28/2016,17:56:20
"Text","182",11/28/2016,17:56:16
"Text","183",11/28/2016,17:56:11
"Text","184",11/28/2016,17:56:06
"Text","185",11/28/2016,17:56:02
"Text","186",11/28/2016,17:55:57
"Text","187",11/28/2016,17:55:49
"Text","188",11/28/2016,17:55:44
"Text","189",11/28/2016,17:55:38
"Text","190",11/28/2016,17:55:33
"Text","024",11/28/2016,17:55:27
"Text","024",11/28/2016,17:55:20
"Text","190",11/28/2016,17:55:16
"Text","189",11/28/2016,17:55:12
"Text","188",11/28/2016,17:55:07
"Text","187",11/28/2016,17:54:59
"Text","019",11/28/2016,17:54:52
"Text","018",11/28/2016,17:54:38
"Text","019",11/28/2016,17:54:34
"Text","020",11/28/2016,17:54:29
"Text","021",11/28/2016,17:54:25
"Text","022",11/28/2016,17:54:20
"Text","023",11/28/2016,17:54:16
"Text","022",11/28/2016,17:54:11
"Text","023",11/28/2016,17:54:07
"Text","022",11/28/2016,17:54:04
"Text","023",11/28/2016,17:54:00
"Text","024",11/28/2016,17:53:51
"Text","190",11/28/2016,17:53:47
"Text","189",11/28/2016,17:53:42
"Text","188",11/28/2016,17:53:37
"Text","187",11/28/2016,17:53:33
"Text","186",11/28/2016,17:53:26
"Text","194",11/28/2016,17:53:16
"Text","085",11/28/2016,17:53:12
"Text","194",11/28/2016,17:53:06
"Text","085",11/28/2016,17:53:02
"Text","083",11/28/2016,17:52:56
"Text","082",11/28/2016,17:52:51
"Text","079",11/28/2016,17:52:47
"Text","078",11/28/2016,17:52:34
"Text","080",11/28/2016,17:52:25
"Text","039",11/28/2016,17:52:21
"Text","038",11/28/2016,17:52:18
"Text","039",11/28/2016,17:52:15
"Text","038",11/28/2016,17:52:11
"Text","039",11/28/2016,17:52:08
"Text","038",11/28/2016,17:52:04
"Text","040",11/28/2016,17:51:56
"Text","041",11/28/2016,17:51:53
"Text","081",11/28/2016,17:51:46
"Text","078",11/28/2016,17:51:42
"Text","077",11/28/2016,17:51:38
"Text","067",11/28/2016,17:51:30
"Text","076",11/28/2016,17:51:24
"Text","068",11/28/2016,17:51:19
"Text","068",11/28/2016,17:50:33
"Text","076",11/28/2016,17:50:27
"Text","067",11/28/2016,17:50:23
"Text","066",11/28/2016,17:50:18
"Text","065",11/28/2016,17:50:12
"Text","064",11/28/2016,17:50:08
"Text","172",11/28/2016,17:50:01
"Text","171",11/28/2016,17:49:54
"Text","170",11/28/2016,17:49:48
"Text","177",11/28/2016,17:49:45
"Text","170",11/28/2016,17:49:40
"Text","169",11/28/2016,17:49:36
"Text","154",11/28/2016,17:49:29
"Text","153",11/28/2016,17:49:26
"Text","154",11/28/2016,17:49:21
"Text","155",11/28/2016,17:49:13
"Text","156",11/28/2016,17:49:06
"Text","157",11/28/2016,17:49:02
"Text","158",11/28/2016,17:48:54
"Text","159",11/28/2016,17:48:49
"Text","263",11/28/2016,17:48:45
"Text","262",11/28/2016,17:48:41
"Text","245",11/28/2016,17:48:36
"Text","244",11/28/2016,17:48:33
"Text","245",11/28/2016,17:48:28
"Text","246",11/28/2016,17:48:24
"Text","261",11/28/2016,17:48:19
"Text","265",11/28/2016,17:48:14
"Text","266",11/28/2016,17:48:10
"Text","258",11/28/2016,17:48:06
"Text","253",11/28/2016,17:48:02
"Text","252",11/28/2016,17:47:57
"Text","269",11/28/2016,17:47:53
"Text","270",11/28/2016,17:47:46
"Text","271",11/28/2016,17:47:41
"Text","272",11/28/2016,17:47:36
"Text","273",11/28/2016,17:47:33
"Text","274",11/28/2016,17:47:25
"Text","275",11/28/2016,17:47:14
"Text","276",11/28/2016,17:47:07
"Text","276",11/28/2016,17:47:04
"Text","277",11/28/2016,17:46:55
"Text","293",11/28/2016,17:46:52
"Text","292",11/28/2016,17:46:49
"Text","293",11/28/2016,17:46:44
"Text","277",11/28/2016,17:46:41
"Text","278",11/28/2016,17:46:37
"Text","277",11/28/2016,17:46:34
"Text","293",11/28/2016,17:46:30
"Text","278",11/28/2016,17:46:26
"Text","293",11/28/2016,17:46:23
"Text","279",11/28/2016,17:46:16
"Text","280",11/28/2016,17:46:13
"Text","279",11/28/2016,17:46:09
"Text","280",11/28/2016,17:46:06
"Text","279",11/28/2016,17:46:02
"Text","280",11/28/2016,17:45:59
"Text","279",11/28/2016,17:45:54
"Text","280",11/28/2016,17:45:50
"Text","281",11/28/2016,17:45:45
"Text","282",11/28/2016,17:45:42
"Text","283",11/28/2016,17:45:36
"Text","284",11/28/2016,17:45:31
"Text","285",11/28/2016,17:45:25
"Text","283",11/28/2016,17:45:20
"Text","284",11/28/2016,17:45:14
"Text","285",11/28/2016,17:45:11
"Text","293",11/28/2016,17:45:06
"Text","292",11/28/2016,17:45:03
"Text","293",11/28/2016,17:44:59
"Text","277",11/28/2016,17:44:51
"Text","276",11/28/2016,17:44:47
"Text","275",11/28/2016,17:44:38
"Text","274",11/28/2016,17:44:33
"Text","273",11/28/2016,17:44:30
"Text","303",11/28/2016,17:44:21
"Text","304",11/28/2016,17:44:17
"Text","305",11/28/2016,17:44:12
"Text","306",11/28/2016,17:44:09
"Text","305",11/28/2016,17:44:00
"Text","304",11/28/2016,17:43:55
"Text","303",11/28/2016,17:43:50
"Text","310",11/28/2016,17:43:46
"Text","309",11/28/2016,17:43:42
"Text","308",11/28/2016,17:43:39
"Text","309",11/28/2016,17:43:35
"Text","308",11/28/2016,17:43:29
"Text","309",11/28/2016,17:43:26
"Text","308",11/28/2016,17:43:22
"Text","307",11/28/2016,17:43:17
"Text","308",11/28/2016,17:43:12
"Text","309",11/28/2016,17:43:07
"Text","310",11/28/2016,17:43:04
"Text","309",11/28/2016,17:43:00
"Text","310",11/28/2016,17:42:57
"Text","309",11/28/2016,17:42:52
"Text","308",11/28/2016,17:42:47
"Text","307",11/28/2016,17:42:44
"Text","306",11/28/2016,17:42:40
"Text","305",11/28/2016,17:42:36
"Text","304",11/28/2016,17:42:33
"Text","303",11/28/2016,17:42:29
"Text","304",11/28/2016,17:42:25
"Text","305",11/28/2016,17:42:22
"Text","306",11/28/2016,17:42:18
"Text","305",11/28/2016,17:42:14
"Text","304",11/28/2016,17:42:08
"Text","303",11/28/2016,17:42:04
"Text","310",11/28/2016,17:42:00
"Text","309",11/28/2016,17:41:55
"Text","308",11/28/2016,17:41:51
"Text","307",11/28/2016,17:41:48
"Text","306",11/28/2016,17:41:41
"Text","305",11/28/2016,17:41:37
"Text","304",11/28/2016,17:41:31
"Text","303",11/28/2016,17:41:26
"Text","273",11/28/2016,17:41:21
"Text","272",11/28/2016,17:41:16
"Text","271",11/28/2016,17:41:11
"Text","270",11/28/2016,17:41:07
"Text","269",11/28/2016,17:41:02
"Text","252",11/28/2016,17:40:53
"Text","253",11/28/2016,17:40:49
"Text","258",11/28/2016,17:40:41
"Text","266",11/28/2016,17:40:35
"Text","265",11/28/2016,17:40:32
"Text","261",11/28/2016,17:40:27
"Text","262",11/28/2016,17:40:23
"Text","263",11/28/2016,17:40:18
"Text","159",11/28/2016,17:40:13
"Text","160",11/28/2016,17:40:08
"Text","159",11/28/2016,17:40:03
"Text","158",11/28/2016,17:39:55
"Text","157",11/28/2016,17:39:51
"Text","236",11/28/2016,17:39:48
"Text","157",11/28/2016,17:39:43
"Text","235",11/28/2016,17:39:38
"Text","156",11/28/2016,17:39:34
"Text","235",11/28/2016,17:39:27
"Text","157",11/28/2016,17:39:24
"Text","235",11/28/2016,17:39:19
"Text","156",11/28/2016,17:39:16
"Text","234",11/28/2016,17:39:09
"Text","155",11/28/2016,17:39:06
"Text","153",11/28/2016,17:39:01
"Text","168",11/28/2016,17:38:55
"Text","169",11/28/2016,17:38:49
"Text","177",11/28/2016,17:38:46
"Text","170",11/28/2016,17:38:41
"Text","171",11/28/2016,17:38:36
"Text","172",11/28/2016,17:38:31
"Text","064",11/28/2016,17:38:22
"Text","065",11/28/2016,17:38:16
"Text","066",11/28/2016,17:38:11
"Text","067",11/28/2016,17:38:06
"Text","076",11/28/2016,17:37:49
"Text","068",11/28/2016,17:37:45
"Text","068",11/28/2016,17:36:39
"Text","067",11/28/2016,17:36:30
"Text","077",11/28/2016,17:36:24
"Text","081",11/28/2016,17:36:20
"Text","077",11/28/2016,17:36:14
"Text","078",11/28/2016,17:36:08
"Text","079",11/28/2016,17:36:05
"Text","078",11/28/2016,17:36:01
"Text","079",11/28/2016,17:35:58
"Text","082",11/28/2016,17:35:52
"Text","083",11/28/2016,17:35:46
"Text","082",11/28/2016,17:35:42
"Text","085",11/28/2016,17:35:35
"Text","194",11/28/2016,17:35:26
"Text","193",11/28/2016,17:35:19
"Text","192",11/28/2016,17:35:16
"Text","193",11/28/2016,17:35:12
"Text","192",11/28/2016,17:35:05
"Text","191",11/28/2016,17:34:59
"Text","036",11/28/2016,17:34:51
"Text","037",11/28/2016,17:34:44
"Text","038",11/28/2016,17:34:40
"Text","039",11/28/2016,17:34:33
"Text","038",11/28/2016,17:34:29
"Text","040",11/28/2016,17:34:24
"Text","041",11/28/2016,17:34:18
"Text","042",11/28/2016,17:34:15
"Text","040",11/28/2016,17:34:09
"Text","041",11/28/2016,17:34:06
"Text","040",11/28/2016,17:34:03
"Text","042",11/28/2016,17:33:58
"Text","311",11/28/2016,17:33:49
"Text","043",11/28/2016,17:33:41
"Text","044",11/28/2016,17:33:35
"Text","045",11/28/2016,17:33:30
"Text","046",11/28/2016,17:33:26
"Text","045",11/28/2016,17:33:22
"Text","046",11/28/2016,17:33:19
"Text","045",11/28/2016,17:33:16
"Text","046",11/28/2016,17:33:12
"Text","047",11/28/2016,17:33:04
"Text","048",11/28/2016,17:32:57
"Text","051",11/28/2016,17:32:49
"Text","050",11/28/2016,17:32:46
"Text","051",11/28/2016,17:32:40
"Text","050",11/28/2016,17:32:35
"Text","048",11/28/2016,17:32:31
"Text","050",11/28/2016,17:32:25
"Text","051",11/28/2016,17:32:21
"Text","052",11/28/2016,17:32:15
"Text","053",11/28/2016,17:32:08
"Text","054",11/28/2016,17:32:04
"Text","054",11/28/2016,17:31:58
"Text","074",11/28/2016,17:31:47
"Text","074",11/28/2016,17:31:43
"Text","075",11/28/2016,17:31:36
"Text","076",11/28/2016,17:31:29
"Text","076",11/28/2016,17:31:02
"Text","067",11/28/2016,17:30:44
"Text","076",11/28/2016,17:30:40
"Text","067",11/28/2016,17:30:37
"Text","076",11/28/2016,17:30:34
"Text","067",11/28/2016,17:30:30
"Text","066",11/28/2016,17:30:21
"Text","065",11/28/2016,17:30:13
"Text","064",11/28/2016,17:30:06
"Text","172",11/28/2016,17:29:58
"Text","176",11/28/2016,17:29:53
"Text","172",11/28/2016,17:29:50
"Text","171",11/28/2016,17:29:47
"Text","172",11/28/2016,17:29:42
"Text","171",11/28/2016,17:29:39
"Text","172",11/28/2016,17:29:35
"Text","171",11/28/2016,17:29:30
"Text","170",11/28/2016,17:29:21
"Text","177",11/28/2016,17:29:17
"Text","170",11/28/2016,17:29:14
"Text","177",11/28/2016,17:29:11
"Text","170",11/28/2016,17:29:07
"Text","177",11/28/2016,17:29:02
"Text","170",11/28/2016,17:28:57
"Text","169",11/28/2016,17:28:51
"Text","155",11/28/2016,17:28:36
"Text","156",11/28/2016,17:28:30
"Text","157",11/28/2016,17:28:24
"Text","158",11/28/2016,17:28:20
"Text","159",11/28/2016,17:28:14
"Text","160",11/28/2016,17:28:07
"Text","161",11/28/2016,17:28:03
"Text","162",11/28/2016,17:27:58
"Text","163",11/28/2016,17:27:44
"Text","162",11/28/2016,17:27:39
"Text","161",11/28/2016,17:27:33
"Text","160",11/28/2016,17:27:27
"Text","159",11/28/2016,17:27:21
"Text","263",11/28/2016,17:27:16
"Text","244",11/28/2016,17:27:09
"Text","145",11/28/2016,17:27:05
"Text","144",11/28/2016,17:26:59
"Text","143",11/28/2016,17:26:56
"Text","144",11/28/2016,17:26:52
"Text","143",11/28/2016,17:26:49
"Text","144",11/28/2016,17:26:46
"Text","143",11/28/2016,17:26:42
"Text","144",11/28/2016,17:26:37
"Text","143",11/28/2016,17:26:33
"Text","144",11/28/2016,17:26:28
"Text","146",11/28/2016,17:26:19
"Text","147",11/28/2016,17:26:15
"Text","148",11/28/2016,17:26:12
"Text","147",11/28/2016,17:26:05
"Text","149",11/28/2016,17:25:58
"Text","147",11/28/2016,17:25:55
"Text","148",11/28/2016,17:25:51
"Text","147",11/28/2016,17:25:48
"Text","148",11/28/2016,17:25:43
"Text","149",11/28/2016,17:25:40
"Text","148",11/28/2016,17:25:37
"Text","149",11/28/2016,17:25:33
"Text","147",11/28/2016,17:25:29
"Text","148",11/28/2016,17:25:26
"Text","149",11/28/2016,17:25:10
"Text","147",11/28/2016,17:25:04
"Text","238",11/28/2016,17:24:56
"Text","237",11/28/2016,17:24:53
"Text","238",11/28/2016,17:24:49
"Text","237",11/28/2016,17:24:45
"Text","238",11/28/2016,17:24:41
"Text","234",11/28/2016,17:24:34
"Text","235",11/28/2016,17:24:31
"Text","234",11/28/2016,17:24:26
"Text","155",11/28/2016,17:24:23
"Text","156",11/28/2016,17:24:17
"Text","155",11/28/2016,17:24:13
"Text","156",11/28/2016,17:24:09
"Text","235",11/28/2016,17:24:04
"Text","234",11/28/2016,17:24:01
"Text","156",11/28/2016,17:23:52
"Text","157",11/28/2016,17:23:42
"Text","158",11/28/2016,17:23:37
"Text","159",11/28/2016,17:23:30
"Text","264",11/28/2016,17:23:23
"Text","262",11/28/2016,17:23:17
"Text","263",11/28/2016,17:23:12
"Text","145",11/28/2016,17:23:05
"Text","244",11/28/2016,17:23:02
"Text","145",11/28/2016,17:22:58
"Text","244",11/28/2016,17:22:54
"Text","245",11/28/2016,17:22:49
"Text","246",11/28/2016,17:22:44
"Text","261",11/28/2016,17:22:38
"Text","265",11/28/2016,17:22:34
"Text","266",11/28/2016,17:22:29
"Text","258",11/28/2016,17:22:26
"Text","253",11/28/2016,17:22:20
"Text","252",11/28/2016,17:22:16
"Text","269",11/28/2016,17:22:11
"Text","270",11/28/2016,17:22:06
"Text","271",11/28/2016,17:22:02
"Text","272",11/28/2016,17:21:57
"Text","273",11/28/2016,17:21:50
"Text","274",11/28/2016,17:21:46
"Text","275",11/28/2016,17:21:39
"Text","276",11/28/2016,17:21:32
"Text","277",11/28/2016,17:21:20
"Text","293",11/28/2016,17:21:15
"Text","293",11/28/2016,17:21:12
"Text","293",11/28/2016,17:21:08
"Text","277",11/28/2016,17:21:05
"Text","278",11/28/2016,17:21:00
"Text","277",11/28/2016,17:20:56
"Text","293",11/28/2016,17:20:53
"Text","278",11/28/2016,17:20:47
"Text","283",11/28/2016,17:20:42
"Text","282",11/28/2016,17:20:37
"Text","281",11/28/2016,17:20:21
"Text","279",11/28/2016,17:20:12
"Text","280",11/28/2016,17:20:06
"Text","279",11/28/2016,17:20:01
"Text","280",11/28/2016,17:19:55
"Text","279",11/28/2016,17:19:51
"Text","280",11/28/2016,17:19:48
"Text","281",11/28/2016,17:19:39
"Text","282",11/28/2016,17:19:32
"Text","283",11/28/2016,17:19:26
"Text","284",11/28/2016,17:19:21
"Text","285",11/28/2016,17:19:18
"Text","284",11/28/2016,17:19:11
"Text","293",11/28/2016,17:19:04
"Text","292",11/28/2016,17:19:01
"Text","293",11/28/2016,17:18:57
"Text","292",11/28/2016,17:18:53
"Text","293",11/28/2016,17:18:45
"Text","277",11/28/2016,17:18:39
"Text","276",11/28/2016,17:18:32
"Text","305",11/28/2016,17:18:28
"Text","276",11/28/2016,17:18:25
"Text","306",11/28/2016,17:18:20
"Text","305",11/28/2016,17:18:16
"Text","306",11/28/2016,17:18:13
"Text","305",11/28/2016,17:18:10
"Text","306",11/28/2016,17:18:06
"Text","305",11/28/2016,17:18:01
"Text","304",11/28/2016,17:17:56
"Text","303",11/28/2016,17:17:53
"Text","304",11/28/2016,17:17:49
"Text","303",11/28/2016,17:17:46
"Text","304",11/28/2016,17:17:43
"Text","303",11/28/2016,17:17:39
"Text","304",11/28/2016,17:17:36
"Text","303",11/28/2016,17:17:31
"Text","310",11/28/2016,17:17:24
"Text","309",11/28/2016,17:17:18
"Text","308",11/28/2016,17:17:14
"Text","307",11/28/2016,17:17:11
"Text","308",11/28/2016,17:17:08
"Text","307",11/28/2016,17:17:04
"Text","308",11/28/2016,17:17:01
"Text","307",11/28/2016,17:16:57
"Text","308",11/28/2016,17:16:49
"Text","309",11/28/2016,17:16:44
"Text","310",11/28/2016,17:16:40
"Text","303",11/28/2016,17:16:36
"Text","273",11/28/2016,17:16:32
"Text","272",11/28/2016,17:16:27
"Text","271",11/28/2016,17:16:22
"Text","270",11/28/2016,17:16:13
"Text","269",11/28/2016,17:16:09
"Text","252",11/28/2016,17:15:56
"Text","253",11/28/2016,17:15:46
"Text","258",11/28/2016,17:15:40
"Text","266",11/28/2016,17:15:34
"Text","265",11/28/2016,17:15:31
"Text","261",11/28/2016,17:15:26
"Text","261",11/28/2016,17:14:56
"Text","246",11/28/2016,17:14:52
"Text","261",11/28/2016,17:14:47
"Text","262",11/28/2016,17:14:43
"Text","263",11/28/2016,17:14:39
"Text","159",11/28/2016,17:14:34
"Text","264",11/28/2016,17:14:27
"Text","262",11/28/2016,17:14:21
"Text","264",11/28/2016,17:14:15
"Text","262",11/28/2016,17:14:10
"Text","159",11/28/2016,17:14:04
"Text","160",11/28/2016,17:13:59
"Text","159",11/28/2016,17:13:52
"Text","158",11/28/2016,17:13:46
"Text","157",11/28/2016,17:13:39
"Text","158",11/28/2016,17:13:36
"Text","157",11/28/2016,17:13:31
"Text","156",11/28/2016,17:13:27
"Text","157",11/28/2016,17:13:24
"Text","156",11/28/2016,17:13:19
"Text","155",11/28/2016,17:13:15
"Text","156",11/28/2016,17:13:12
"Text","155",11/28/2016,17:13:06
"Text","168",11/28/2016,17:12:55
"Text","169",11/28/2016,17:12:46
"Text","170",11/28/2016,17:12:40
"Text","177",11/28/2016,17:12:36
"Text","170",11/28/2016,17:12:31
"Text","171",11/28/2016,17:12:24
"Text","172",11/28/2016,17:12:19
"Text","064",11/28/2016,17:12:13
"Text","065",11/28/2016,17:12:03
"Text","066",11/28/2016,17:11:59
"Text","067",11/28/2016,17:11:54
"Text","077",11/28/2016,17:11:48
"Text","078",11/28/2016,17:11:42
"Text","080",11/28/2016,17:11:34
"Text","039",11/28/2016,17:11:31
"Text","080",11/28/2016,17:11:27
"Text","039",11/28/2016,17:11:23
"Text","038",11/28/2016,17:11:19
"Text","041",11/28/2016,17:11:14
"Text","042",11/28/2016,17:11:09
"Text","311",11/28/2016,17:10:57
"Text","314",11/28/2016,17:10:30
"Text","034",11/28/2016,17:10:21
"Text","024",11/28/2016,17:10:18
"Text","034",11/28/2016,17:10:14
"Text","035",11/28/2016,17:10:11
"Text","190",11/28/2016,17:10:06
"Text","035",11/28/2016,17:10:03
"Text","190",11/28/2016,17:09:59
"Text","024",11/28/2016,17:09:54
"Text","034",11/28/2016,17:09:51
"Text","024",11/28/2016,17:09:47
"Text","024",11/28/2016,17:09:04
"Text","034",11/28/2016,17:09:01
"Text","024",11/28/2016,17:08:57
"Text","190",11/28/2016,17:08:51
"Text","035",11/28/2016,17:08:46
"Text","190",11/28/2016,17:08:42
"Text","189",11/28/2016,17:08:35
"Text","188",11/28/2016,17:08:31
"Text","187",11/28/2016,17:08:23
"Text","186",11/28/2016,17:08:18
"Text","185",11/28/2016,17:08:13
"Text","184",11/28/2016,17:08:07
"Text","183",11/28/2016,17:08:04
"Text","183",11/28/2016,17:07:56
"Text","088",11/28/2016,17:07:50
"Text","087",11/28/2016,17:07:46
"Text","088",11/28/2016,17:07:40
"Text","089",11/28/2016,17:07:32
"Text","090",11/28/2016,17:07:28
"Text","091",11/28/2016,17:07:21
"Text","094",11/28/2016,17:07:14
"Text","232",11/28/2016,17:07:11
"Text","231",11/28/2016,17:07:02
"Text","168",11/28/2016,17:06:55
"Text","154",11/28/2016,17:06:48
"Text","153",11/28/2016,17:06:43
"Text","152",11/28/2016,17:06:36
"Text","151",11/28/2016,17:06:28
"Text","229",11/28/2016,17:06:24
"Text","151",11/28/2016,17:06:20
"Text","150",11/28/2016,17:06:14
"Text","106",11/28/2016,17:06:10
"Text","105",11/28/2016,17:06:07
"Text","106",11/28/2016,17:06:02
"Text","107",11/28/2016,17:05:55
"Text","108",11/28/2016,17:05:51
"Text","109",11/28/2016,17:05:44
"Text","110",11/28/2016,17:05:35
"Text","111",11/28/2016,17:05:29
"Text","119",11/28/2016,17:05:25
"Text","111",11/28/2016,17:05:20
"Text","242",11/28/2016,17:05:09
"Text","126",11/28/2016,17:05:03
"Text","242",11/28/2016,17:05:00
"Text","126",11/28/2016,17:04:56
"Text","242",11/28/2016,17:04:53
"Text","125",11/28/2016,17:04:47
"Text","124",11/28/2016,17:04:37
"Text","114",11/28/2016,17:04:31
"Text","116",11/28/2016,17:04:27
"Text","117",11/28/2016,17:04:18
"Text","137",11/28/2016,17:04:11
"Text","117",11/28/2016,17:04:08
"Text","138",11/28/2016,17:04:04
"Text","117",11/28/2016,17:04:01
"Text","137",11/28/2016,17:03:58
"Text","138",11/28/2016,17:03:48
"Text","117",11/28/2016,17:03:44
"Text","138",11/28/2016,17:03:41
"Text","139",11/28/2016,17:03:37
"Text","140",11/28/2016,17:03:30
"Text","118",11/28/2016,17:03:20
"Text","243",11/28/2016,17:03:16
"Text","115",11/28/2016,17:03:07
"Text","113",11/28/2016,17:02:52
"Text","243",11/28/2016,17:02:40
"Text","118",11/28/2016,17:02:34
"Text","243",11/28/2016,17:02:31
"Text","239",11/28/2016,17:02:24
"Text","240",11/28/2016,17:02:19
"Text","148",11/28/2016,17:02:11
"Text","149",11/28/2016,17:02:08
"Text","147",11/28/2016,17:02:03
"Text","149",11/28/2016,17:01:59
"Text","148",11/28/2016,17:01:56
"Text","149",11/28/2016,17:01:52
"Text","147",11/28/2016,17:01:48
"Text","148",11/28/2016,17:01:45
"Text","147",11/28/2016,17:01:41
"Text","148",11/28/2016,17:01:38
"Text","147",11/28/2016,17:01:34
"Text","149",11/28/2016,17:01:31
"Text","148",11/28/2016,17:01:27
"Text","147",11/28/2016,17:01:24
"Text","146",11/28/2016,17:01:11
"Text","145",11/28/2016,17:00:57
"Text","144",11/28/2016,17:00:53
"Text","145",11/28/2016,17:00:47
"Text","244",11/28/2016,17:00:38
"Text","263",11/28/2016,17:00:30
"Text","262",11/28/2016,17:00:25
"Text","261",11/28/2016,17:00:22
"Text","246",11/28/2016,17:00:18
"Text","261",11/28/2016,17:00:13
"Text","265",11/28/2016,17:00:09
"Text","266",11/28/2016,17:00:04
"Text","258",11/28/2016,17:00:00
"Text","254",11/28/2016,16:59:54
"Text","256",11/28/2016,16:59:44
"Text","257",11/28/2016,16:59:38
"Text","256",11/28/2016,16:59:33
"Text","255",11/28/2016,16:59:28
"Text","254",11/28/2016,16:59:18
"Text","258",11/28/2016,16:59:05
"Text","253",11/28/2016,16:59:01
"Text","252",11/28/2016,16:58:56
"Text","269",11/28/2016,16:58:52
"Text","270",11/28/2016,16:58:44
"Text","271",11/28/2016,16:58:37
"Text","272",11/28/2016,16:58:33
"Text","273",11/28/2016,16:58:29
"Text","274",11/28/2016,16:58:17
"Text","275",11/28/2016,16:58:14
"Text","276",11/28/2016,16:58:10
"Text","306",11/28/2016,16:58:07
"Text","305",11/28/2016,16:58:03
"Text","307",11/28/2016,16:57:59
"Text","306",11/28/2016,16:57:54
"Text","276",11/28/2016,16:57:49
"Text","277",11/28/2016,16:57:43
"Text","293",11/28/2016,16:57:34
"Text","278",11/28/2016,16:57:22
"Text","283",11/28/2016,16:57:16
"Text","278",11/28/2016,16:57:05
"Text","293",11/28/2016,16:56:58
"Text","292",11/28/2016,16:56:54
"Text","285",11/28/2016,16:56:45
"Text","284",11/28/2016,16:56:40
"Text","283",11/28/2016,16:56:36
"Text","282",11/28/2016,16:56:32
"Text","281",11/28/2016,16:56:28
"Text","280",11/28/2016,16:56:22
"Text","279",11/28/2016,16:56:18
"Text","278",11/28/2016,16:56:13
"Text","277",11/28/2016,16:56:08
"Text","276",11/28/2016,16:56:03
"Text","275",11/28/2016,16:55:54
"Text","274",11/28/2016,16:55:50
"Text","273",11/28/2016,16:55:44
"Text","272",11/28/2016,16:55:40
"Text","271",11/28/2016,16:55:36
"Text","270",11/28/2016,16:55:31
"Text","269",11/28/2016,16:55:26
"Text","252",11/28/2016,16:55:19
"Text","253",11/28/2016,16:55:15
"Text","258",11/28/2016,16:55:11
"Text","266",11/28/2016,16:55:05
"Text","265",11/28/2016,16:55:00
"Text","264",11/28/2016,16:54:56
"Text","262",11/28/2016,16:54:51
"Text","261",11/28/2016,16:54:47
"Text","246",11/28/2016,16:54:41
"Text","245",11/28/2016,16:54:37
"Text","244",11/28/2016,16:54:33
"Text","145",11/28/2016,16:54:28
"Text","244",11/28/2016,16:54:24
"Text","245",11/28/2016,16:54:20
"Text","246",11/28/2016,16:54:16
"Text","261",11/28/2016,16:54:11
"Text","262",11/28/2016,16:54:07
"Text","263",11/28/2016,16:54:04
"Text","159",11/28/2016,16:54:00
"Text","160",11/28/2016,16:53:50
"Text","161",11/28/2016,16:53:45
"Text","162",11/28/2016,16:53:39
"Text","163",11/28/2016,16:53:29
"Text","162",11/28/2016,16:53:25
"Text","161",11/28/2016,16:53:20
"Text","160",11/28/2016,16:53:16
"Text","159",11/28/2016,16:53:12
"Text","158",11/28/2016,16:53:05
"Text","157",11/28/2016,16:52:58
"Text","156",11/28/2016,16:52:53
"Text","157",11/28/2016,16:52:47
"Text","235",11/28/2016,16:52:42
"Text","156",11/28/2016,16:52:31
"Text","234",11/28/2016,16:52:12
"Text","155",11/28/2016,16:52:07
"Text","154",11/28/2016,16:52:02
"Text","153",11/28/2016,16:51:59
"Text","154",11/28/2016,16:51:51
"Text","168",11/28/2016,16:51:41
"Text","154",11/28/2016,16:51:36
"Text","153",11/28/2016,16:51:32
"Text","154",11/28/2016,16:51:27
"Text","230",11/28/2016,16:51:20
"Text","231",11/28/2016,16:51:14
"Text","232",11/28/2016,16:51:04
"Text","096",11/28/2016,16:51:00
"Text","094",11/28/2016,16:50:54
"Text","091",11/28/2016,16:50:50
"Text","094",11/28/2016,16:50:43
"Text","096",11/28/2016,16:50:39
"Text","232",11/28/2016,16:50:36
"Text","096",11/28/2016,16:50:32
"Text","232",11/28/2016,16:50:27
"Text","094",11/28/2016,16:50:24
"Text","232",11/28/2016,16:50:20
"Text","094",11/28/2016,16:50:16
"Text","200",11/28/2016,16:49:56
"Text","201",11/28/2016,16:49:51
"Text","202",11/28/2016,16:49:47
"Text","203",11/28/2016,16:49:42
"Text","204",11/28/2016,16:49:38
"Text","205",11/28/2016,16:49:29
"Text","206",11/28/2016,16:49:24
"Text","207",11/28/2016,16:49:20
"Text","206",11/28/2016,16:49:16
"Text","207",11/28/2016,16:49:13
"Text","206",11/28/2016,16:49:09
"Text","207",11/28/2016,16:49:06
"Text","206",11/28/2016,16:49:03
"Text","207",11/28/2016,16:48:59
"Text","206",11/28/2016,16:48:55
"Text","207",11/28/2016,16:48:48
"Text","208",11/28/2016,16:48:39
"Text","221",11/28/2016,16:48:31
"Text","209",11/28/2016,16:48:27
"Text","210",11/28/2016,16:48:24
"Text","209",11/28/2016,16:48:17
"Text","221",11/28/2016,16:48:13
"Text","209",11/28/2016,16:48:10
"Text","210",11/28/2016,16:48:02
"Text","221",11/28/2016,16:47:59
"Text","210",11/28/2016,16:47:54
"Text","221",11/28/2016,16:47:34
"Text","208",11/28/2016,16:47:30
"Text","207",11/28/2016,16:47:25
"Text","206",11/28/2016,16:47:21
"Text","205",11/28/2016,16:47:17
"Text","204",11/28/2016,16:47:13
"Text","203",11/28/2016,16:47:08
"Text","202",11/28/2016,16:47:03
"Text","201",11/28/2016,16:46:58
"Text","200",11/28/2016,16:46:52
"Text","199",11/28/2016,16:46:48
"Text","198",11/28/2016,16:46:43
"Text","197",11/28/2016,16:46:40
"Text","181",11/28/2016,16:46:34
"Text","182",11/28/2016,16:46:30
"Text","183",11/28/2016,16:46:25
"Text","184",11/28/2016,16:46:17
"Text","185",11/28/2016,16:46:13
"Text","186",11/28/2016,16:46:08
"Text","187",11/28/2016,16:46:03
"Text","188",11/28/2016,16:45:59
"Text","189",11/28/2016,16:45:55
"Text","190",11/28/2016,16:45:50
"Text","024",11/28/2016,16:45:46
"Text","034",11/28/2016,16:44:54
"Text","314",11/28/2016,16:44:42
"Text","311",11/28/2016,16:44:16
"Text","043",11/28/2016,16:44:11
"Text","044",11/28/2016,16:44:03
"Text","071",11/28/2016,16:43:59
"Text","070",11/28/2016,16:43:52
"Text","069",11/28/2016,16:43:47
"Text","068",11/28/2016,16:43:37
"Text","067",11/28/2016,16:43:30
"Text","076",11/28/2016,16:43:23
"Text","075",11/28/2016,16:43:18
"Text","074",11/28/2016,16:43:12
"Text","054",11/28/2016,16:43:01
"Text","054",11/28/2016,16:42:54
"Text","053",11/28/2016,16:42:51
"Text","054",11/28/2016,16:42:47
"Text","053",11/28/2016,16:42:42
"Text","052",11/28/2016,16:42:37
"Text","051",11/28/2016,16:42:32
"Text","050",11/28/2016,16:42:27
"Text","051",11/28/2016,16:42:22
"Text","052",11/28/2016,16:42:15
"Text","053",11/28/2016,16:42:05
"Text","054",11/28/2016,16:41:54
"Text","055",11/28/2016,16:41:51
"Text","056",11/28/2016,16:41:45
"Text","057",11/28/2016,16:41:41
"Text","164",11/28/2016,16:41:35
"Text","057",11/28/2016,16:41:32
"Text","164",11/28/2016,16:41:29
"Text","057",11/28/2016,16:41:22
"Text","056",11/28/2016,16:41:15
"Text","055",11/28/2016,16:41:10
"Text","054",11/28/2016,16:41:06
"Text","074",11/28/2016,16:40:54
"Text","075",11/28/2016,16:40:50
"Text","074",11/28/2016,16:40:46
"Text","075",11/28/2016,16:40:42
"Text","076",11/28/2016,16:40:33
"Text","067",11/28/2016,16:40:27
"Text","066",11/28/2016,16:40:20
"Text","065",11/28/2016,16:40:15
"Text","064",11/28/2016,16:39:08
"Text","172",11/28/2016,16:38:48
"Text","171",11/28/2016,16:38:31
"Text","172",11/28/2016,16:38:26
"Text","176",11/28/2016,16:38:18
"Text","175",11/28/2016,16:38:10
"Text","086",11/28/2016,16:38:07
"Text","087",11/28/2016,16:37:57
"Text","088",11/28/2016,16:37:47
"Text","089",11/28/2016,16:37:37
"Text","090",11/28/2016,16:37:30
"Text","093",11/28/2016,16:37:23
"Text","091",11/28/2016,16:37:19
"Text","093",11/28/2016,16:37:14
"Text","094",11/28/2016,16:37:03
"Text","096",11/28/2016,16:36:58
"Text","094",11/28/2016,16:36:50
"Text","232",11/28/2016,16:36:44
"Text","231",11/28/2016,16:36:36
"Text","168",11/28/2016,16:36:28
"Text","154",11/28/2016,16:36:21
"Text","153",11/28/2016,16:36:16
"Text","152",11/28/2016,16:36:10
"Text","151",11/28/2016,16:36:03
"Text","229",11/28/2016,16:36:00
"Text","151",11/28/2016,16:35:55
"Text","106",11/28/2016,16:35:48
"Text","150",11/28/2016,16:35:44
"Text","107",11/28/2016,16:35:36
"Text","108",11/28/2016,16:35:31
"Text","109",11/28/2016,16:35:26
"Text","110",11/28/2016,16:35:17
"Text","119",11/28/2016,16:35:11
"Text","111",11/28/2016,16:35:05
"Text","242",11/28/2016,16:34:57
"Text","126",11/28/2016,16:34:49
"Text","127",11/28/2016,16:34:46
"Text","126",11/28/2016,16:34:40
"Text","125",11/28/2016,16:34:32
"Text","124",11/28/2016,16:34:25
"Text","123",11/28/2016,16:34:21
"Text","124",11/28/2016,16:34:13
"Text","125",11/28/2016,16:34:07
"Text","126",11/28/2016,16:34:04
"Text","242",11/28/2016,16:33:57
"Text","111",11/28/2016,16:33:49
"Text","119",11/28/2016,16:33:46
"Text","111",11/28/2016,16:33:42
"Text","110",11/28/2016,16:33:38
"Text","109",11/28/2016,16:33:32
"Text","108",11/28/2016,16:32:53
"Text","150",11/28/2016,16:32:41
"Text","107",11/28/2016,16:32:36
"Text","106",11/28/2016,16:32:22
"Text","105",11/28/2016,16:32:18
"Text","229",11/28/2016,16:32:02
"Text","151",11/28/2016,16:31:57
"Text","152",11/28/2016,16:31:52
"Text","151",11/28/2016,16:31:45
"Text","234",11/28/2016,16:31:24
"Text","155",11/28/2016,16:31:15
"Text","156",11/28/2016,16:31:11
"Text","157",11/28/2016,16:31:02
"Text","158",11/28/2016,16:30:58
"Text","159",11/28/2016,16:30:52
"Text","263",11/28/2016,16:30:48
"Text","262",11/28/2016,16:30:44
"Text","245",11/28/2016,16:30:38
"Text","246",11/28/2016,16:30:34
"Text","261",11/28/2016,16:30:28
"Text","265",11/28/2016,16:30:23
"Text","266",11/28/2016,16:30:19
"Text","258",11/28/2016,16:30:15
"Text","253",11/28/2016,16:30:11
"Text","252",11/28/2016,16:30:07
"Text","269",11/28/2016,16:30:01
"Text","270",11/28/2016,16:29:56
"Text","271",11/28/2016,16:29:52
"Text","272",11/28/2016,16:29:47
"Text","273",11/28/2016,16:29:43
"Text","274",11/28/2016,16:29:31
"Text","275",11/28/2016,16:29:25
"Text","305",11/28/2016,16:29:20
"Text","306",11/28/2016,16:29:16
"Text","276",11/28/2016,16:29:09
"Text","277",11/28/2016,16:29:04
"Text","293",11/28/2016,16:28:58
"Text","292",11/28/2016,16:28:53
"Text","285",11/28/2016,16:28:49
"Text","284",11/28/2016,16:28:46
"Text","285",11/28/2016,16:28:43
"Text","293",11/28/2016,16:28:39
"Text","292",11/28/2016,16:28:36
"Text","284",11/28/2016,16:28:30
"Text","283",11/28/2016,16:28:26
"Text","282",11/28/2016,16:28:20
"Text","281",11/28/2016,16:28:14
"Text","280",11/28/2016,16:28:08
"Text","279",11/28/2016,16:28:05
"Text","278",11/28/2016,16:28:01
"Text","283",11/28/2016,16:27:57
"Text","282",11/28/2016,16:27:54
"Text","283",11/28/2016,16:27:50
"Text","278",11/28/2016,16:27:45
"Text","279",11/28/2016,16:27:40
"Text","278",11/28/2016,16:27:37
"Text","279",11/28/2016,16:27:30
"Text","280",11/28/2016,16:27:26
"Text","279",11/28/2016,16:27:19
"Text","280",11/28/2016,16:27:14
"Text","281",11/28/2016,16:27:07
"Text","282",11/28/2016,16:27:02
"Text","283",11/28/2016,16:26:56
"Text","284",11/28/2016,16:26:46
"Text","285",11/28/2016,16:26:38
"Text","292",11/28/2016,16:26:33
"Text","293",11/28/2016,16:26:29
"Text","277",11/28/2016,16:26:25
"Text","276",11/28/2016,16:26:20
"Text","305",11/28/2016,16:26:16
"Text","306",11/28/2016,16:26:12
"Text","307",11/28/2016,16:26:06
"Text","308",11/28/2016,16:26:02
"Text","309",11/28/2016,16:25:58
"Text","310",11/28/2016,16:25:54
"Text","309",11/28/2016,16:25:49
"Text","308",11/28/2016,16:25:38
"Text","307",11/28/2016,16:25:31
"Text","306",11/28/2016,16:25:26
"Text","305",11/28/2016,16:25:21
"Text","304",11/28/2016,16:25:17
"Text","303",11/28/2016,16:25:13
"Text","273",11/28/2016,16:25:08
"Text","272",11/28/2016,16:25:05
"Text","271",11/28/2016,16:25:01
"Text","270",11/28/2016,16:24:56
"Text","269",11/28/2016,16:24:52
"Text","252",11/28/2016,16:24:46
"Text","253",11/28/2016,16:24:42
"Text","258",11/28/2016,16:24:36
"Text","254",11/28/2016,16:24:30
"Text","255",11/28/2016,16:24:24
"Text","256",11/28/2016,16:24:21
"Text","257",11/28/2016,16:24:17
"Text","256",11/28/2016,16:22:16
"Text","255",11/28/2016,16:22:12
"Text","254",11/28/2016,16:22:03
"Text","258",11/28/2016,16:21:56
"Text","253",11/28/2016,16:21:52
"Text","252",11/28/2016,16:21:47
"Text","269",11/28/2016,16:21:43
"Text","270",11/28/2016,16:21:39
"Text","271",11/28/2016,16:21:33
"Text","270",11/28/2016,16:21:28
"Text","269",11/28/2016,16:21:23
"Text","252",11/28/2016,16:21:18
"Text","253",11/28/2016,16:21:14
"Text","258",11/28/2016,16:21:09
"Text","266",11/28/2016,16:21:05
"Text","265",11/28/2016,16:21:00
"Text","264",11/28/2016,16:20:54
"Text","159",11/28/2016,16:20:49
"Text","158",11/28/2016,16:20:44
"Text","157",11/28/2016,16:20:39
"Text","156",11/28/2016,16:20:34
"Text","155",11/28/2016,16:20:29
"Text","154",11/28/2016,16:20:15
"Text","153",11/28/2016,16:20:08
"Text","154",11/28/2016,16:20:04
"Text","168",11/28/2016,16:20:00
"Text","169",11/28/2016,16:19:54
"Text","170",11/28/2016,16:19:41
"Text","171",11/28/2016,16:19:36
"Text","172",11/28/2016,16:19:30
"Text","064",11/28/2016,16:19:23
"Text","065",11/28/2016,16:19:17
"Text","066",11/28/2016,16:19:12
"Text","067",11/28/2016,16:19:07
"Text","076",11/28/2016,16:19:03
"Text","259",11/25/2016,18:44:59
"Text","261",11/25/2016,18:44:53
"Text","262",11/25/2016,18:44:49
"Text","264",11/25/2016,18:44:45
"Text","265",11/25/2016,18:44:41
"Text","266",11/25/2016,18:44:37
"Text","258",11/25/2016,18:44:33
"Text","253",11/25/2016,18:44:28
"Text","252",11/25/2016,18:44:24
"Text","269",11/25/2016,18:44:19
"Text","270",11/25/2016,18:44:13
"Text","271",11/25/2016,18:44:07
"Text","272",11/25/2016,18:44:03
"Text","273",11/25/2016,18:43:59
"Text","274",11/25/2016,18:43:51
"Text","275",11/25/2016,18:43:47
"Text","276",11/25/2016,18:43:42
"Text","275",11/25/2016,18:43:36
"Text","274",11/25/2016,18:43:31
"Text","273",11/25/2016,18:43:26
"Text","272",11/25/2016,18:43:23
"Text","272",11/25/2016,18:43:18
"Text","271",11/25/2016,18:43:14
"Text","269",11/25/2016,18:43:05
"Text","252",11/25/2016,18:43:00
"Text","253",11/25/2016,18:42:56
"Text","258",11/25/2016,18:42:51
"Text","266",11/25/2016,18:42:47
"Text","265",11/25/2016,18:42:43
"Text","261",11/25/2016,18:42:39
"Text","246",11/25/2016,18:42:31
"Text","246",11/25/2016,18:42:15
"Text","261",11/25/2016,18:42:08
"Text","262",11/25/2016,18:42:04
"Text","263",11/25/2016,18:41:58
"Text","262",11/25/2016,18:41:51
"Text","261",11/25/2016,18:41:44
"Text","265",11/25/2016,18:41:40
"Text","264",11/25/2016,18:41:30
"Text","159",11/25/2016,18:41:26
"Text","263",11/25/2016,18:41:21
"Text","145",11/25/2016,18:41:16
"Text","244",11/25/2016,18:41:12
"Text","245",11/25/2016,18:41:08
"Text","246",11/25/2016,18:41:04
"Text","261",11/25/2016,18:40:58
"Text","265",11/25/2016,18:40:54
"Text","264",11/25/2016,18:40:49
"Text","159",11/25/2016,18:40:43
"Text","158",11/25/2016,18:40:37
"Text","157",11/25/2016,18:40:32
"Text","156",11/25/2016,18:40:28
"Text","155",11/25/2016,18:40:23
"Text","169",11/25/2016,18:40:13
"Text","069",11/25/2016,18:35:40
"Text","068",11/25/2016,18:35:36
"Text","067",11/25/2016,18:35:25
"Text","066",11/25/2016,18:35:19
"Text","065",11/25/2016,18:35:15
"Text","064",11/25/2016,18:35:10
"Text","172",11/25/2016,18:35:03
"Text","171",11/25/2016,18:34:59
"Text","170",11/25/2016,18:34:52
"Text","177",11/25/2016,18:34:49
"Text","170",11/25/2016,18:34:45
"Text","169",11/25/2016,18:34:41
"Text","168",11/25/2016,18:34:33
"Text","154",11/25/2016,18:34:27
"Text","153",11/25/2016,18:34:23
"Text","152",11/25/2016,18:34:17
"Text","151",11/25/2016,18:34:13
"Text","229",11/25/2016,18:34:09
"Text","151",11/25/2016,18:34:06
"Text","152",11/25/2016,18:34:00
"Text","153",11/25/2016,18:33:53
"Text","154",11/25/2016,18:33:44
"Text","168",11/25/2016,18:33:39
"Text","154",11/25/2016,18:33:35
"Text","230",11/25/2016,18:33:30
"Text","231",11/25/2016,18:33:23
"Text","232",11/25/2016,18:33:15
"Text","094",11/25/2016,18:33:10
"Text","091",11/25/2016,18:33:04
"Text","093",11/25/2016,18:32:59
"Text","091",11/25/2016,18:32:54
"Text","090",11/25/2016,18:32:49
"Text","089",11/25/2016,18:32:43
"Text","088",11/25/2016,18:32:33
"Text","087",11/25/2016,18:32:28
"Text","084",11/25/2016,18:32:22
"Text","086",11/25/2016,18:32:16
"Text","175",11/25/2016,18:32:12
"Text","086",11/25/2016,18:32:09
"Text","175",11/25/2016,18:32:05
"Text","176",11/25/2016,18:32:00
"Text","172",11/25/2016,18:31:55
"Text","064",11/25/2016,18:31:47
"Text","065",11/25/2016,18:31:43
"Text","066",11/25/2016,18:31:37
"Text","067",11/25/2016,18:31:31
"Text","067",11/25/2016,18:31:01
"Text","076",11/25/2016,18:30:56
"Text","076",11/25/2016,18:30:53
"Text","075",11/25/2016,18:30:49
"Text","076",11/25/2016,18:30:41
"Text","067",11/25/2016,18:30:36
"Text","077",11/25/2016,18:30:31
"Text","078",11/25/2016,18:30:25
"Text","077",11/25/2016,18:30:21
"Text","081",11/25/2016,18:30:13
"Text","040",11/25/2016,18:28:54
"Text","041",11/25/2016,18:28:50
"Text","042",11/25/2016,18:28:46
"Text","311",11/25/2016,18:28:38
"Text","043",11/25/2016,18:28:29
"Text","044",11/25/2016,18:28:21
"Text","071",11/25/2016,18:28:18
"Text","045",11/25/2016,18:28:11
"Text","046",11/25/2016,18:28:08
"Text","047",11/25/2016,18:27:59
"Text","048",11/25/2016,18:27:54
"Text","050",11/25/2016,18:27:50
"Text","048",11/25/2016,18:27:47
"Text","050",11/25/2016,18:27:42
"Text","051",11/25/2016,18:27:38
"Text","052",11/25/2016,18:27:33
"Text","053",11/25/2016,18:27:29
"Text","054",11/25/2016,18:27:23
"Text","055",11/25/2016,18:27:18
"Text","056",11/25/2016,18:27:14
"Text","057",11/25/2016,18:27:09
"Text","164",11/25/2016,18:26:49
"Text","057",11/25/2016,18:26:45
"Text","057",11/25/2016,18:26:40
"Text","164",11/25/2016,18:26:36
"Text","057",11/25/2016,18:26:33
"Text","164",11/25/2016,18:26:30
"Text","057",11/25/2016,18:26:24
"Text","056",11/25/2016,18:26:18
"Text","055",11/25/2016,18:26:11
"Text","054",11/25/2016,18:26:08
"Text","055",11/25/2016,18:26:04
"Text","054",11/25/2016,18:26:01
"Text","074",11/25/2016,18:25:53
"Text","075",11/25/2016,18:25:44
"Text","076",11/25/2016,18:25:39
"Text","067",11/25/2016,18:25:33
"Text","077",11/25/2016,18:25:28
"Text","078",11/25/2016,18:25:24
"Text","077",11/25/2016,18:25:20
"Text","081",11/25/2016,18:25:13
"Text","041",11/25/2016,18:25:07
"Text","042",11/25/2016,18:25:01
"Text","311",11/25/2016,18:24:54
"Text","044",11/25/2016,18:24:49
"Text","043",11/25/2016,18:24:44
"Text","311",11/25/2016,18:24:39
"Text","034",11/25/2016,18:24:21
"Text","035",11/25/2016,18:24:16
"Text","036",11/25/2016,18:24:08
"Text","037",11/25/2016,18:24:03
"Text","038",11/25/2016,18:23:54
"Text","039",11/25/2016,18:23:50
"Text","080",11/25/2016,18:23:47
"Text","039",11/25/2016,18:23:41
"Text","038",11/25/2016,18:23:32
"Text","042",11/25/2016,18:23:28
"Text","040",11/25/2016,18:23:23
"Text","041",11/25/2016,18:23:20
"Text","040",11/25/2016,18:23:10
"Text","038",11/25/2016,18:23:07
"Text","039",11/25/2016,18:23:04
"Text","038",11/25/2016,18:23:00
"Text","040",11/25/2016,18:22:53
"Text","041",11/25/2016,18:22:49
"Text","081",11/25/2016,18:22:45
"Text","041",11/25/2016,18:22:41
"Text","040",11/25/2016,18:22:37
"Text","041",11/25/2016,18:22:34
"Text","081",11/25/2016,18:22:27
"Text","077",11/25/2016,18:22:23
"Text","078",11/25/2016,18:22:20
"Text","077",11/25/2016,18:22:15
"Text","067",11/25/2016,18:22:09
"Text","076",11/25/2016,18:22:05
"Text","067",11/25/2016,18:22:02
"Text","066",11/25/2016,18:21:54
"Text","065",11/25/2016,18:21:50
"Text","064",11/25/2016,18:21:45
"Text","172",11/25/2016,18:21:19
"Text","171",11/25/2016,18:21:06
"Text","172",11/25/2016,18:21:02
"Text","176",11/25/2016,18:20:59
"Text","171",11/25/2016,18:20:53
"Text","177",11/25/2016,18:20:47
"Text","170",11/25/2016,18:20:43
"Text","169",11/25/2016,18:20:38
"Text","168",11/25/2016,18:20:32
"Text","154",11/25/2016,18:20:26
"Text","153",11/25/2016,18:20:22
"Text","155",11/25/2016,18:20:05
"Text","234",11/25/2016,18:19:59
"Text","238",11/25/2016,18:19:55
"Text","237",11/25/2016,18:19:52
"Text","238",11/25/2016,18:19:48
"Text","234",11/25/2016,18:19:44
"Text","235",11/25/2016,18:19:38
"Text","236",11/25/2016,18:19:34
"Text","235",11/25/2016,18:19:30
"Text","238",11/25/2016,18:19:24
"Text","237",11/25/2016,18:19:21
"Text","147",11/25/2016,18:19:14
"Text","148",11/25/2016,18:19:10
"Text","147",11/25/2016,18:19:07
"Text","146",11/25/2016,18:18:59
"Text","145",11/25/2016,18:18:46
"Text","244",11/25/2016,18:18:42
"Text","245",11/25/2016,18:18:37
"Text","246",11/25/2016,18:18:34
"Text","261",11/25/2016,18:18:28
"Text","262",11/25/2016,18:18:25
"Text","263",11/25/2016,18:18:21
"Text","159",11/25/2016,18:18:17
"Text","160",11/25/2016,18:18:13
"Text","161",11/25/2016,18:18:07
"Text","162",11/25/2016,18:18:04
"Text","163",11/25/2016,18:17:59
"Text","163",11/25/2016,18:17:52
"Text","162",11/25/2016,18:17:46
"Text","161",11/25/2016,18:17:40
"Text","160",11/25/2016,18:17:37
"Text","159",11/25/2016,18:17:33
"Text","158",11/25/2016,18:17:27
"Text","157",11/25/2016,18:17:23
"Text","156",11/25/2016,18:17:18
"Text","155",11/25/2016,18:17:05
"Text","156",11/25/2016,18:17:00
"Text","157",11/25/2016,18:16:54
"Text","158",11/25/2016,18:16:49
"Text","159",11/25/2016,18:16:40
"Text","264",11/25/2016,18:16:37
"Text","159",11/25/2016,18:16:33
"Text","263",11/25/2016,18:16:30
"Text","159",11/25/2016,18:16:23
"Text","264",11/25/2016,18:16:19
"Text","262",11/25/2016,18:16:15
"Text","261",11/25/2016,18:16:10
"Text","265",11/25/2016,18:16:02
"Text","266",11/25/2016,18:15:57
"Text","255",11/25/2016,18:15:09
"Text","256",11/25/2016,18:15:05
"Text","255",11/25/2016,18:15:02
"Text","256",11/25/2016,18:14:58
"Text","255",11/25/2016,18:14:54
"Text","256",11/25/2016,18:14:50
"Text","255",11/25/2016,18:14:43
"Text","256",11/25/2016,18:14:39
"Text","255",11/25/2016,18:14:35
"Text","256",11/25/2016,18:14:30
"Text","257",11/25/2016,18:14:24
"Text","256",11/25/2016,18:14:18
"Text","254",11/25/2016,18:14:01
"Text","258",11/25/2016,18:13:54
"Text","253",11/25/2016,18:13:49
"Text","252",11/25/2016,18:13:44
"Text","269",11/25/2016,18:13:39
"Text","270",11/25/2016,18:13:34
"Text","271",11/25/2016,18:13:28
"Text","272",11/25/2016,18:13:20
"Text","273",11/25/2016,18:13:05
"Text","302",11/25/2016,18:13:02
"Text","273",11/25/2016,18:12:55
"Text","274",11/25/2016,18:12:47
"Text","275",11/25/2016,18:12:41
"Text","276",11/25/2016,18:12:36
"Text","277",11/25/2016,18:12:28
"Text","293",11/25/2016,18:12:23
"Text","293",11/25/2016,18:12:11
"Text","277",11/25/2016,18:12:07
"Text","293",11/25/2016,18:11:58
"Text","292",11/25/2016,18:11:55
"Text","293",11/25/2016,18:11:52
"Text","292",11/25/2016,18:11:47
"Text","285",11/25/2016,18:11:41
"Text","284",11/25/2016,18:11:12
"Text","283",11/25/2016,18:11:07
"Text","282",11/25/2016,18:11:01
"Text","281",11/25/2016,18:10:49
"Text","280",11/25/2016,18:10:44
"Text","279",11/25/2016,18:10:34
"Text","278",11/25/2016,18:10:31
"Text","279",11/25/2016,18:10:28
"Text","278",11/25/2016,18:10:24
"Text","278",11/25/2016,18:10:14
"Text","293",11/25/2016,18:10:11
"Text","277",11/25/2016,18:10:08
"Text","293",11/25/2016,18:10:04
"Text","278",11/25/2016,18:10:01
"Text","293",11/25/2016,18:09:57
"Text","277",11/25/2016,18:09:52
"Text","276",11/25/2016,18:09:47
"Text","306",11/25/2016,18:09:44
"Text","276",11/25/2016,18:09:37
"Text","275",11/25/2016,18:09:31
"Text","274",11/25/2016,18:09:25
"Text","273",11/25/2016,18:09:22
"Text","303",11/25/2016,18:09:17
"Text","309",11/25/2016,18:09:12
"Text","303",11/25/2016,18:09:07
"Text","310",11/25/2016,18:09:02
"Text","309",11/25/2016,18:08:51
"Text","308",11/25/2016,18:08:44
"Text","307",11/25/2016,18:08:41
"Text","305",11/25/2016,18:08:36
"Text","307",11/25/2016,18:08:28
"Text","308",11/25/2016,18:08:22
"Text","307",11/25/2016,18:08:17
"Text","308",11/25/2016,18:08:14
"Text","305",11/25/2016,18:08:10
"Text","306",11/25/2016,18:08:07
"Text","307",11/25/2016,18:08:03
"Text","305",11/25/2016,18:07:59
"Text","306",11/25/2016,18:07:56
"Text","276",11/25/2016,18:07:49
"Text","305",11/25/2016,18:07:41
"Text","304",11/25/2016,18:07:37
"Text","305",11/25/2016,18:07:26
"Text","304",11/25/2016,18:07:23
"Text","305",11/25/2016,18:07:20
"Text","304",11/25/2016,18:07:15
"Text","303",11/25/2016,18:07:10
"Text","273",11/25/2016,18:07:05
"Text","272",11/25/2016,18:07:00
"Text","271",11/25/2016,18:06:56
"Text","270",11/25/2016,18:06:51
"Text","269",11/25/2016,18:06:46
"Text","252",11/25/2016,18:06:39
"Text","253",11/25/2016,18:06:35
"Text","258",11/25/2016,18:06:29
"Text","266",11/25/2016,18:06:26
"Text","261",11/25/2016,18:06:17
"Text","265",11/25/2016,18:06:14
"Text","261",11/25/2016,18:06:09
"Text","265",11/25/2016,18:06:05
"Text","264",11/25/2016,18:05:59
"Text","159",11/25/2016,18:05:55
"Text","264",11/25/2016,18:05:52
"Text","262",11/25/2016,18:05:48
"Text","263",11/25/2016,18:05:45
"Text","262",11/25/2016,18:05:42
"Text","263",11/25/2016,18:05:38
"Text","159",11/25/2016,18:05:34
"Text","263",11/25/2016,18:05:30
"Text","159",11/25/2016,18:05:27
"Text","158",11/25/2016,18:05:21
"Text","236",11/25/2016,18:05:17
"Text","158",11/25/2016,18:05:14
"Text","157",11/25/2016,18:05:08
"Text","235",11/25/2016,18:05:04
"Text","156",11/25/2016,18:04:59
"Text","155",11/25/2016,18:04:55
"Text","156",11/25/2016,18:04:52
"Text","155",11/25/2016,18:04:48
"Text","234",11/25/2016,18:04:45
"Text","155",11/25/2016,18:04:42
"Text","234",11/25/2016,18:04:38
"Text","156",11/25/2016,18:04:35
"Text","234",11/25/2016,18:04:31
"Text","155",11/25/2016,18:04:28
"Text","156",11/25/2016,18:04:24
"Text","155",11/25/2016,18:04:14
"Text","246",11/25/2016,18:03:04
"Text","076",11/25/2016,17:58:25
"Text","067",11/25/2016,17:58:21
"Text","066",11/25/2016,17:58:15
"Text","065",11/25/2016,17:58:10
"Text","064",11/25/2016,17:58:06
"Text","172",11/25/2016,17:57:57
"Text","171",11/25/2016,17:57:54
"Text","170",11/25/2016,17:57:42
"Text","177",11/25/2016,17:57:38
"Text","169",11/25/2016,17:57:33
"Text","168",11/25/2016,17:57:26
"Text","154",11/25/2016,17:57:21
"Text","153",11/25/2016,17:57:17
"Text","154",11/25/2016,17:57:14
"Text","153",11/25/2016,17:57:10
"Text","154",11/25/2016,17:57:07
"Text","230",11/25/2016,17:57:01
"Text","231",11/25/2016,17:56:54
"Text","232",11/25/2016,17:56:45
"Text","094",11/25/2016,17:56:42
"Text","090",11/25/2016,17:56:26
"Text","089",11/25/2016,17:56:17
"Text","088",11/25/2016,17:56:08
"Text","087",11/25/2016,17:56:01
"Text","086",11/25/2016,17:55:50
"Text","175",11/25/2016,17:55:47
"Text","086",11/25/2016,17:55:43
"Text","175",11/25/2016,17:55:31
"Text","086",11/25/2016,17:55:27
"Text","084",11/25/2016,17:55:21
"Text","083",11/25/2016,17:55:13
"Text","082",11/25/2016,17:55:08
"Text","078",11/25/2016,17:54:49
"Text","077",11/25/2016,17:54:45
"Text","081",11/25/2016,17:54:38
"Text","041",11/25/2016,17:54:34
"Text","040",11/25/2016,17:54:30
"Text","042",11/25/2016,17:54:27
"Text","040",11/25/2016,17:54:24
"Text","041",11/25/2016,17:54:20
"Text","040",11/25/2016,17:54:17
"Text","042",11/25/2016,17:54:13
"Text","040",11/25/2016,17:54:10
"Text","042",11/25/2016,17:54:06
"Text","311",11/25/2016,17:53:59
"Text","043",11/25/2016,17:53:53
"Text","044",11/25/2016,17:53:48
"Text","045",11/25/2016,17:53:41
"Text","046",11/25/2016,17:53:37
"Text","047",11/25/2016,17:53:31
"Text","048",11/25/2016,17:53:26
"Text","050",11/25/2016,17:53:20
"Text","051",11/25/2016,17:53:16
"Text","052",11/25/2016,17:53:11
"Text","053",11/25/2016,17:53:06
"Text","054",11/25/2016,17:53:01
"Text","055",11/25/2016,17:52:54
"Text","056",11/25/2016,17:52:51
"Text","055",11/25/2016,17:52:47
"Text","056",11/25/2016,17:52:42
"Text","057",11/25/2016,17:52:36
"Text","164",11/25/2016,17:52:30
"Text","057",11/25/2016,17:52:27
"Text","164",11/25/2016,17:52:19
"Text","164",11/25/2016,17:52:10
"Text","057",11/25/2016,17:52:02
"Text","056",11/25/2016,17:51:53
"Text","055",11/25/2016,17:51:47
"Text","054",11/25/2016,17:51:38
"Text","053",11/25/2016,17:51:32
"Text","052",11/25/2016,17:51:29
"Text","053",11/25/2016,17:51:26
"Text","052",11/25/2016,17:51:22
"Text","053",11/25/2016,17:51:19
"Text","052",11/25/2016,17:51:05
"Text","051",11/25/2016,17:50:59
"Text","050",11/25/2016,17:50:54
"Text","048",11/25/2016,17:50:47
"Text","050",11/25/2016,17:50:44
"Text","048",11/25/2016,17:50:41
"Text","050",11/25/2016,17:50:36
"Text","048",11/25/2016,17:50:32
"Text","047",11/25/2016,17:50:28
"Text","046",11/25/2016,17:50:21
"Text","045",11/25/2016,17:50:16
"Text","044",11/25/2016,17:50:10
"Text","045",11/25/2016,17:50:06
"Text","046",11/25/2016,17:50:03
"Text","045",11/25/2016,17:49:59
"Text","046",11/25/2016,17:49:56
"Text","045",11/25/2016,17:49:53
"Text","044",11/25/2016,17:49:47
"Text","043",11/25/2016,17:49:41
"Text","311",11/25/2016,17:49:29
"Text","042",11/25/2016,17:49:21
"Text","040",11/25/2016,17:49:13
"Text","041",11/25/2016,17:49:10
"Text","040",11/25/2016,17:49:06
"Text","041",11/25/2016,17:49:03
"Text","081",11/25/2016,17:48:59
"Text","041",11/25/2016,17:48:54
"Text","040",11/25/2016,17:48:50
"Text","038",11/25/2016,17:48:40
"Text","039",11/25/2016,17:48:36
"Text","080",11/25/2016,17:48:33
"Text","039",11/25/2016,17:48:29
"Text","039",11/25/2016,17:48:24
"Text","038",11/25/2016,17:48:20
"Text","039",11/25/2016,17:48:17
"Text","080",11/25/2016,17:48:12
"Text","079",11/25/2016,17:48:07
"Text","078",11/25/2016,17:48:01
"Text","077",11/25/2016,17:47:58
"Text","078",11/25/2016,17:47:53
"Text","077",11/25/2016,17:47:47
"Text","067",11/25/2016,17:47:40
"Text","067",11/25/2016,17:47:34
"Text","066",11/25/2016,17:47:27
"Text","065",11/25/2016,17:47:16
"Text","064",11/25/2016,17:47:09
"Text","172",11/25/2016,17:46:59
"Text","171",11/25/2016,17:46:56
"Text","172",11/25/2016,17:46:51
"Text","176",11/25/2016,17:46:40
"Text","172",11/25/2016,17:46:32
"Text","171",11/25/2016,17:46:28
"Text","170",11/25/2016,17:46:21
"Text","177",11/25/2016,17:46:16
"Text","178",11/25/2016,17:46:12
"Text","177",11/25/2016,17:46:05
"Text","170",11/25/2016,17:46:01
"Text","177",11/25/2016,17:45:58
"Text","170",11/25/2016,17:45:52
"Text","169",11/25/2016,17:45:47
"Text","168",11/25/2016,17:45:41
"Text","154",11/25/2016,17:45:36
"Text","153",11/25/2016,17:45:33
"Text","154",11/25/2016,17:45:26
"Text","155",11/25/2016,17:45:17
"Text","234",11/25/2016,17:45:14
"Text","155",11/25/2016,17:45:10
"Text","234",11/25/2016,17:45:07
"Text","156",11/25/2016,17:45:02
"Text","234",11/25/2016,17:44:58
"Text","155",11/25/2016,17:44:55
"Text","156",11/25/2016,17:44:50
"Text","157",11/25/2016,17:44:42
"Text","158",11/25/2016,17:44:38
"Text","263",11/25/2016,17:44:33
"Text","159",11/25/2016,17:44:29
"Text","160",11/25/2016,17:44:25
"Text","159",11/25/2016,17:44:20
"Text","264",11/25/2016,17:44:15
"Text","264",11/25/2016,17:43:33
"Text","265",11/25/2016,17:42:54
"Text","261",11/25/2016,17:42:49
"Text","262",11/25/2016,17:42:46
"Text","264",11/25/2016,17:42:42
"Text","262",11/25/2016,17:42:39
"Text","261",11/25/2016,17:42:36
"Text","262",11/25/2016,17:42:32
"Text","264",11/25/2016,17:42:29
"Text","262",11/25/2016,17:42:25
"Text","264",11/25/2016,17:42:21
"Text","265",11/25/2016,17:42:17
"Text","261",11/25/2016,17:42:12
"Text","265",11/25/2016,17:42:08
"Text","261",11/25/2016,17:42:05
"Text","265",11/25/2016,17:42:00
"Text","266",11/25/2016,17:41:56
"Text","258",11/25/2016,17:41:52
"Text","257",11/25/2016,17:36:33
"Text","256",11/25/2016,17:36:27
"Text","255",11/25/2016,17:36:23
"Text","254",11/25/2016,17:36:17
"Text","258",11/25/2016,17:36:08
"Text","253",11/25/2016,17:36:04
"Text","258",11/25/2016,17:36:00
"Text","253",11/25/2016,17:35:52
"Text","252",11/25/2016,17:35:47
"Text","269",11/25/2016,17:35:37
"Text","270",11/25/2016,17:35:34
"Text","269",11/25/2016,17:35:30
"Text","270",11/25/2016,17:35:24
"Text","271",11/25/2016,17:35:15
"Text","272",11/25/2016,17:35:06
"Text","273",11/25/2016,17:35:02
"Text","274",11/25/2016,17:34:58
"Text","275",11/25/2016,17:34:53
"Text","276",11/25/2016,17:34:48
"Text","306",11/25/2016,17:34:44
"Text","305",11/25/2016,17:34:40
"Text","275",11/25/2016,17:34:37
"Text","305",11/25/2016,17:34:29
"Text","306",11/25/2016,17:34:25
"Text","276",11/25/2016,17:34:22
"Text","275",11/25/2016,17:34:18
"Text","276",11/25/2016,17:34:14
"Text","277",11/25/2016,17:34:09
"Text","278",11/25/2016,17:34:06
"Text","293",11/25/2016,17:34:02
"Text","277",11/25/2016,17:33:59
"Text","293",11/25/2016,17:33:56
"Text","277",11/25/2016,17:33:52
"Text","278",11/25/2016,17:33:49
"Text","277",11/25/2016,17:33:45
"Text","293",11/25/2016,17:33:40
"Text","283",11/25/2016,17:33:01
"Text","284",11/25/2016,17:32:58
"Text","283",11/25/2016,17:32:52
"Text","282",11/25/2016,17:32:47
"Text","281",11/25/2016,17:32:37
"Text","280",11/25/2016,17:32:31
"Text","279",11/25/2016,17:32:27
"Text","278",11/25/2016,17:32:21
"Text","293",11/25/2016,17:32:16
"Text","292",11/25/2016,17:32:12
"Text","293",11/25/2016,17:32:07
"Text","277",11/25/2016,17:32:03
"Text","276",11/25/2016,17:31:56
"Text","306",11/25/2016,17:31:49
"Text","276",11/25/2016,17:31:45
"Text","275",11/25/2016,17:31:41
"Text","276",11/25/2016,17:31:37
"Text","306",11/25/2016,17:31:34
"Text","276",11/25/2016,17:31:30
"Text","275",11/25/2016,17:31:25
"Text","274",11/25/2016,17:31:21
"Text","273",11/25/2016,17:31:16
"Text","303",11/25/2016,17:31:12
"Text","304",11/25/2016,17:31:08
"Text","303",11/25/2016,17:31:05
"Text","310",11/25/2016,17:31:01
"Text","303",11/25/2016,17:30:58
"Text","310",11/25/2016,17:30:51
"Text","309",11/25/2016,17:30:47
"Text","308",11/25/2016,17:30:43
"Text","309",11/25/2016,17:30:40
"Text","308",11/25/2016,17:30:36
"Text","307",11/25/2016,17:30:27
"Text","306",11/25/2016,17:30:23
"Text","307",11/25/2016,17:30:20
"Text","306",11/25/2016,17:30:16
"Text","305",11/25/2016,17:30:12
"Text","304",11/25/2016,17:30:08
"Text","305",11/25/2016,17:30:05
"Text","304",11/25/2016,17:30:00
"Text","303",11/25/2016,17:29:55
"Text","273",11/25/2016,17:29:51
"Text","274",11/25/2016,17:29:47
"Text","273",11/25/2016,17:29:44
"Text","302",11/25/2016,17:29:38
"Text","294",11/25/2016,17:29:31
"Text","295",11/25/2016,17:29:25
"Text","296",11/25/2016,17:29:21
"Text","297",11/25/2016,17:29:17
"Text","298",11/25/2016,17:29:13
"Text","297",11/25/2016,17:29:08
"Text","296",11/25/2016,17:29:04
"Text","297",11/25/2016,17:29:00
"Text","298",11/25/2016,17:28:55
"Text","299",11/25/2016,17:28:51
"Text","300",11/25/2016,17:28:46
"Text","301",11/25/2016,17:28:40
"Text","302",11/25/2016,17:28:37
"Text","273",11/25/2016,17:28:31
"Text","272",11/25/2016,17:28:27
"Text","270",11/25/2016,17:28:12
"Text","269",11/25/2016,17:28:07
"Text","252",11/25/2016,17:28:01
"Text","253",11/25/2016,17:27:54
"Text","258",11/25/2016,17:27:49
"Text","266",11/25/2016,17:27:44
"Text","265",11/25/2016,17:27:39
"Text","264",11/25/2016,17:27:35
"Text","262",11/25/2016,17:27:31
"Text","245",11/25/2016,17:27:25
"Text","246",11/25/2016,17:27:21
"Text","261",11/25/2016,17:27:15
"Text","262",11/25/2016,17:27:11
"Text","264",11/25/2016,17:27:08
"Text","159",11/25/2016,17:27:03
"Text","161",11/25/2016,17:26:55
"Text","162",11/25/2016,17:26:48
"Text","163",11/25/2016,17:26:44
"Text","162",11/25/2016,17:26:28
"Text","161",11/25/2016,17:26:22
"Text","160",11/25/2016,17:26:17
"Text","159",11/25/2016,17:26:12
"Text","158",11/25/2016,17:26:06
"Text","157",11/25/2016,17:26:02
"Text","156",11/25/2016,17:25:57
"Text","235",11/25/2016,17:25:51
"Text","238",11/25/2016,17:24:44
"Text","234",11/25/2016,17:24:36
"Text","235",11/25/2016,17:24:31
"Text","157",11/25/2016,17:24:13
"Text","156",11/25/2016,17:24:09
"Text","155",11/25/2016,17:24:03
"Text","154",11/25/2016,17:23:55
"Text","231",11/25/2016,17:23:48
"Text","154",11/25/2016,17:23:35
"Text","153",11/25/2016,17:23:26
"Text","152",11/25/2016,17:23:19
"Text","229",11/25/2016,17:23:10
"Text","151",11/25/2016,17:22:57
"Text","150",11/25/2016,17:22:53
"Text","107",11/25/2016,17:22:50
"Text","106",11/25/2016,17:22:45
"Text","108",11/25/2016,17:22:34
"Text","109",11/25/2016,17:22:25
"Text","110",11/25/2016,17:22:17
"Text","119",11/25/2016,17:22:10
"Text","111",11/25/2016,17:22:04
"Text","242",11/25/2016,17:21:56
"Text","125",11/25/2016,17:21:49
"Text","124",11/25/2016,17:21:45
"Text","123",11/25/2016,17:21:41
"Text","125",11/25/2016,17:21:35
"Text","124",11/25/2016,17:21:24
"Text","114",11/25/2016,17:21:18
"Text","116",11/25/2016,17:21:14
"Text","117",11/25/2016,17:21:09
"Text","137",11/25/2016,17:21:01
"Text","138",11/25/2016,17:20:57
"Text","139",11/25/2016,17:20:54
"Text","138",11/25/2016,17:20:46
"Text","117",11/25/2016,17:20:43
"Text","114",11/25/2016,17:20:37
"Text","116",11/25/2016,17:20:33
"Text","124",11/25/2016,17:20:27
"Text","125",11/25/2016,17:20:21
"Text","242",11/25/2016,17:20:16
"Text","126",11/25/2016,17:20:11
"Text","127",11/25/2016,17:19:49
"Text","128",11/25/2016,17:19:45
"Text","129",11/25/2016,17:19:36
"Text","213",11/25/2016,17:19:33
"Text","212",11/25/2016,17:19:25
"Text","132",11/25/2016,17:19:21
"Text","211",11/25/2016,17:19:14
"Text","209",11/25/2016,17:19:03
"Text","210",11/25/2016,17:18:58
"Text","220",11/25/2016,17:18:52
"Text","219",11/25/2016,17:18:45
"Text","218",11/25/2016,17:18:41
"Text","217",11/25/2016,17:18:37
"Text","216",11/25/2016,17:18:33
"Text","215",11/25/2016,17:18:28
"Text","214",11/25/2016,17:18:25
"Text","220",11/25/2016,17:18:21
"Text","221",11/25/2016,17:18:15
"Text","208",11/25/2016,17:18:09
"Text","207",11/25/2016,17:18:05
"Text","206",11/25/2016,17:18:00
"Text","205",11/25/2016,17:17:56
"Text","204",11/25/2016,17:17:51
"Text","203",11/25/2016,17:17:45
"Text","202",11/25/2016,17:17:41
"Text","201",11/25/2016,17:17:37
"Text","200",11/25/2016,17:17:34
"Text","199",11/25/2016,17:17:30
"Text","198",11/25/2016,17:17:25
"Text","197",11/25/2016,17:17:20
"Text","181",11/25/2016,17:17:15
"Text","182",11/25/2016,17:17:10
"Text","183",11/25/2016,17:17:05
"Text","184",11/25/2016,17:17:00
"Text","185",11/25/2016,17:16:55
"Text","186",11/25/2016,17:16:49
"Text","187",11/25/2016,17:16:44
"Text","188",11/25/2016,17:16:39
"Text","189",11/25/2016,17:16:33
"Text","190",11/25/2016,17:16:24
"Text","024",11/25/2016,17:16:15
"Text","034",11/25/2016,17:16:09
"Text","314",11/25/2016,17:15:34
"Text","311",11/25/2016,17:15:14
"Text","042",11/25/2016,17:15:05
"Text","040",11/25/2016,17:15:01
"Text","038",11/25/2016,17:14:47
"Text","039",11/25/2016,17:14:42
"Text","080",11/25/2016,17:14:38
"Text","079",11/25/2016,17:14:33
"Text","078",11/25/2016,17:14:27
"Text","067",11/25/2016,17:14:17
"Text","066",11/25/2016,17:14:09
"Text","065",11/25/2016,17:14:03
"Text","172",11/25/2016,17:13:10
"Text","171",11/25/2016,17:13:06
"Text","170",11/25/2016,17:12:59
"Text","169",11/25/2016,17:12:53
"Text","168",11/25/2016,17:12:47
"Text","155",11/25/2016,17:12:28
"Text","156",11/25/2016,17:12:21
"Text","157",11/25/2016,17:12:17
"Text","235",11/25/2016,17:12:09
"Text","238",11/25/2016,17:12:02
"Text","237",11/25/2016,17:11:59
"Text","238",11/25/2016,17:11:55
"Text","238",11/25/2016,17:11:52
"Text","234",11/25/2016,17:10:30
"Text","155",11/25/2016,17:10:04
"Text","156",11/25/2016,17:09:58
"Text","157",11/25/2016,17:09:54
"Text","158",11/25/2016,17:09:48
"Text","159",11/25/2016,17:09:41
"Text","264",11/25/2016,17:09:36
"Text","265",11/25/2016,17:09:30
"Text","266",11/25/2016,17:09:24
"Text","258",11/25/2016,17:09:20
"Text","253",11/25/2016,17:09:16
"Text","252",11/25/2016,17:09:11
"Text","270",11/25/2016,17:09:03
"Text","271",11/25/2016,17:08:54
"Text","272",11/25/2016,17:08:48
"Text","273",11/25/2016,17:08:43
"Text","303",11/25/2016,17:08:39
"Text","304",11/25/2016,17:08:36
"Text","305",11/25/2016,17:08:30
"Text","276",11/25/2016,17:08:16
"Text","277",11/25/2016,17:08:08
"Text","278",11/25/2016,17:08:03
"Text","279",11/25/2016,17:07:58
"Text","280",11/25/2016,17:07:54
"Text","281",11/25/2016,17:07:44
"Text","282",11/25/2016,17:07:39
"Text","283",11/25/2016,17:07:33
"Text","284",11/25/2016,17:07:28
"Text","285",11/25/2016,17:07:23
"Text","284",11/25/2016,17:07:20
"Text","293",11/25/2016,17:07:15
"Text","292",11/25/2016,17:07:06
"Text","293",11/25/2016,17:07:02
"Text","277",11/25/2016,17:06:57
"Text","276",11/25/2016,17:06:52
"Text","275",11/25/2016,17:06:46
"Text","274",11/25/2016,17:06:42
"Text","273",11/25/2016,17:06:38
"Text","302",11/25/2016,17:06:31
"Text","301",11/25/2016,17:06:23
"Text","300",11/25/2016,17:06:18
"Text","299",11/25/2016,17:06:12
"Text","298",11/25/2016,17:06:05
"Text","297",11/25/2016,17:05:58
"Text","296",11/25/2016,17:05:54
"Text","295",11/25/2016,17:05:50
"Text","294",11/25/2016,17:05:43
"Text","302",11/25/2016,17:05:34
"Text","273",11/25/2016,17:05:29
"Text","303",11/25/2016,17:05:22
"Text","304",11/25/2016,17:05:19
"Text","305",11/25/2016,17:05:13
"Text","306",11/25/2016,17:05:09
"Text","307",11/25/2016,17:05:04
"Text","308",11/25/2016,17:04:58
"Text","309",11/25/2016,17:04:53
"Text","310",11/25/2016,17:04:48
"Text","303",11/25/2016,17:04:44
"Text","310",11/25/2016,17:04:39
"Text","309",11/25/2016,17:04:32
"Text","308",11/25/2016,17:04:27
"Text","307",11/25/2016,17:04:23
"Text","306",11/25/2016,17:04:17
"Text","305",11/25/2016,17:04:13
"Text","304",11/25/2016,17:04:08
"Text","303",11/25/2016,17:04:01
"Text","272",11/25/2016,17:03:12
"Text","271",11/25/2016,17:03:06
"Text","270",11/25/2016,17:03:00
"Text","269",11/25/2016,17:02:54
"Text","252",11/25/2016,17:02:46
"Text","253",11/25/2016,17:02:39
"Text","258",11/25/2016,17:02:34
"Text","266",11/25/2016,17:02:30
"Text","265",11/25/2016,17:02:24
"Text","264",11/25/2016,17:02:18
"Text","159",11/25/2016,17:01:53
"Text","160",11/25/2016,17:01:48
"Text","161",11/25/2016,17:01:41
"Text","162",11/25/2016,17:01:36
"Text","163",11/25/2016,17:01:26
"Text","162",11/25/2016,17:01:17
"Text","161",11/25/2016,17:01:07
"Text","160",11/25/2016,17:01:01
"Text","159",11/25/2016,17:00:52
"Text","158",11/25/2016,17:00:38
"Text","236",11/25/2016,17:00:34
"Text","157",11/25/2016,17:00:25
"Text","235",11/25/2016,17:00:19
"Text","156",11/25/2016,17:00:13
"Text","234",11/25/2016,17:00:08
"Text","155",11/25/2016,17:00:02
"Text","153",11/25/2016,16:59:53
"Text","154",11/25/2016,16:59:46
"Text","230",11/25/2016,16:59:40
"Text","231",11/25/2016,16:59:34
"Text","232",11/25/2016,16:59:25
"Text","231",11/25/2016,16:59:14
"Text","230",11/25/2016,16:59:09
"Text","154",11/25/2016,16:58:59
"Text","169",11/25/2016,16:58:45
"Text","170",11/25/2016,16:58:40
"Text","074",11/25/2016,16:57:46
"Text","075",11/25/2016,16:57:34
"Text","076",11/25/2016,16:57:28
"Text","067",11/25/2016,16:57:22
"Text","077",11/25/2016,16:57:16
"Text","078",11/25/2016,16:57:09
"Text","079",11/25/2016,16:57:03
"Text","082",11/25/2016,16:56:57
"Text","085",11/25/2016,16:56:52
"Text","194",11/25/2016,16:56:44
"Text","193",11/25/2016,16:55:22
"Text","192",11/25/2016,16:55:15
"Text","191",11/25/2016,16:55:08
"Text","036",11/25/2016,16:54:59
"Text","035",11/25/2016,16:54:47
"Text","034",11/25/2016,16:54:42
"Text","024",11/25/2016,16:54:35
"Text","190",11/25/2016,16:54:30
"Text","189",11/25/2016,16:54:24
"Text","188",11/25/2016,16:54:17
"Text","187",11/25/2016,16:54:11
"Text","186",11/25/2016,16:54:06
"Text","185",11/25/2016,16:54:00
"Text","184",11/25/2016,16:53:54
"Text","183",11/25/2016,16:53:49
"Text","182",11/25/2016,16:53:44
"Text","181",11/25/2016,16:53:39
"Text","197",11/25/2016,16:53:33
"Text","198",11/25/2016,16:53:28
"Text","199",11/25/2016,16:53:19
"Text","200",11/25/2016,16:53:10
"Text","201",11/25/2016,16:53:05
"Text","202",11/25/2016,16:52:59
"Text","203",11/25/2016,16:52:53
"Text","204",11/25/2016,16:52:48
"Text","205",11/25/2016,16:52:42
"Text","206",11/25/2016,16:52:37
"Text","207",11/25/2016,16:52:29
"Text","208",11/25/2016,16:52:23
"Text","221",11/25/2016,16:52:13
"Text","220",11/25/2016,16:52:06
"Text","214",11/25/2016,16:52:01
"Text","215",11/25/2016,16:51:56
"Text","216",11/25/2016,16:51:49
"Text","217",11/25/2016,16:51:45
"Text","218",11/25/2016,16:51:36
"Text","219",11/25/2016,16:51:31
"Text","220",11/25/2016,16:51:23
"Text","214",11/25/2016,16:51:19
"Text","215",11/25/2016,16:51:16
"Text","214",11/25/2016,16:51:11
"Text","220",11/25/2016,16:51:07
"Text","221",11/25/2016,16:50:50
"Text","220",11/25/2016,16:50:45
"Text","219",11/25/2016,16:50:35
"Text","218",11/25/2016,16:50:31
"Text","217",11/25/2016,16:50:27
"Text","216",11/25/2016,16:50:21
"Text","215",11/25/2016,16:50:17
"Text","214",11/25/2016,16:50:12
"Text","220",11/25/2016,16:50:08
"Text","210",11/25/2016,16:49:53
"Text","209",11/25/2016,16:49:37
"Text","211",11/25/2016,16:49:33
"Text","132",11/25/2016,16:49:21
"Text","212",11/25/2016,16:49:17
"Text","129",11/25/2016,16:49:10
"Text","213",11/25/2016,16:49:06
"Text","128",11/25/2016,16:48:52
"Text","127",11/25/2016,16:48:46
"Text","126",11/25/2016,16:48:36
"Text","242",11/25/2016,16:48:28
"Text","119",11/25/2016,16:48:16
"Text","111",11/25/2016,16:48:11
"Text","110",11/25/2016,16:48:04
"Text","109",11/25/2016,16:47:59
"Text","108",11/25/2016,16:47:37
"Text","105",11/25/2016,16:47:27
"Text","106",11/25/2016,16:47:20
"Text","107",11/25/2016,16:47:17
"Text","150",11/25/2016,16:47:12
"Text","151",11/25/2016,16:47:03
"Text","152",11/25/2016,16:46:55
"Text","153",11/25/2016,16:46:35
"Text","168",11/25/2016,16:46:25
"Text","169",11/25/2016,16:46:13
"Text","177",11/25/2016,16:46:05
"Text","170",11/25/2016,16:45:59
"Text","171",11/25/2016,16:45:51
"Text","172",11/25/2016,16:45:48
"Text","176",11/25/2016,16:45:39
"Text","175",11/25/2016,16:45:27
"Text","086",11/25/2016,16:45:23
"Text","087",11/25/2016,16:45:13
"Text","088",11/25/2016,16:45:04
"Text","089",11/25/2016,16:44:57
"Text","090",11/25/2016,16:44:50
"Text","091",11/25/2016,16:44:44
"Text","093",11/25/2016,16:44:37
"Text","094",11/25/2016,16:44:26
"Text","231",11/25/2016,16:44:15
"Text","154",11/25/2016,16:44:06
"Text","153",11/25/2016,16:44:01
"Text","152",11/25/2016,16:43:55
"Text","151",11/25/2016,16:43:45
"Text","234",11/25/2016,16:43:08
"Text","235",11/25/2016,16:43:01
"Text","236",11/25/2016,16:42:47
"Text","158",11/25/2016,16:42:42
"Text","159",11/25/2016,16:42:35
"Text","263",11/25/2016,16:42:26
"Text","145",11/25/2016,16:42:19
"Text","244",11/25/2016,16:42:12
"Text","245",11/25/2016,16:42:05
"Text","246",11/25/2016,16:42:01
"Text","261",11/25/2016,16:41:54
"Text","265",11/25/2016,16:41:48
"Text","266",11/25/2016,16:41:43
"Text","258",11/25/2016,16:41:38
"Text","253",11/25/2016,16:41:32
"Text","252",11/25/2016,16:41:26
"Text","269",11/25/2016,16:41:21
"Text","270",11/25/2016,16:41:15
"Text","271",11/25/2016,16:41:09
"Text","272",11/25/2016,16:41:02
"Text","273",11/25/2016,16:40:57
"Text","302",11/25/2016,16:40:49
"Text","294",11/25/2016,16:40:37
"Text","295",11/25/2016,16:40:27
"Text","296",11/25/2016,16:39:08
"Text","297",11/25/2016,16:39:03
"Text","298",11/25/2016,16:38:57
"Text","299",11/25/2016,16:38:51
"Text","300",11/25/2016,16:38:46
"Text","301",11/25/2016,16:38:40
"Text","302",11/25/2016,16:38:34
"Text","273",11/25/2016,16:38:26
"Text","274",11/25/2016,16:38:22
"Text","275",11/25/2016,16:38:14
"Text","276",11/25/2016,16:38:10
"Text","306",11/25/2016,16:38:05
"Text","305",11/25/2016,16:38:00
"Text","304",11/25/2016,16:37:44
"Text","303",11/25/2016,16:37:39
"Text","310",11/25/2016,16:37:21
"Text","309",11/25/2016,16:37:14
"Text","308",11/25/2016,16:37:06
"Text","307",11/25/2016,16:37:01
"Text","306",11/25/2016,16:36:54
"Text","276",11/25/2016,16:36:47
"Text","277",11/25/2016,16:36:38
"Text","293",11/25/2016,16:36:33
"Text","292",11/25/2016,16:36:26
"Text","285",11/25/2016,16:36:13
"Text","284",11/25/2016,16:36:08
"Text","283",11/25/2016,16:35:53
"Text","282",11/25/2016,16:35:45
"Text","281",11/25/2016,16:35:37
"Text","280",11/25/2016,16:35:30
"Text","279",11/25/2016,16:35:25
"Text","278",11/25/2016,16:35:18
"Text","277",11/25/2016,16:35:12
"Text","276",11/25/2016,16:35:08
"Text","275",11/25/2016,16:35:03
"Text","274",11/25/2016,16:34:58
"Text","273",11/25/2016,16:34:52
"Text","272",11/25/2016,16:34:48
"Text","271",11/25/2016,16:34:42
"Text","270",11/25/2016,16:34:38
"Text","269",11/25/2016,16:34:32
"Text","252",11/25/2016,16:34:27
"Text","253",11/25/2016,16:34:21
"Text","258",11/25/2016,16:34:15
"Text","266",11/25/2016,16:34:10
"Text","265",11/25/2016,16:34:04
"Text","261",11/25/2016,16:33:57
"Text","262",11/25/2016,16:33:53
"Text","263",11/25/2016,16:33:49
"Text","244",11/25/2016,16:33:43
"Text","145",11/25/2016,16:33:37
"Text","146",11/25/2016,16:33:31
"Text","149",11/25/2016,16:33:19
"Text","148",11/25/2016,16:33:09
"Text","147",11/25/2016,16:32:58
"Text","238",11/25/2016,16:32:49
"Text","234",11/25/2016,16:32:42
"Text","155",11/25/2016,16:32:36
"Text","156",11/25/2016,16:32:31
"Text","044",11/25/2016,16:27:56
"Text","045",11/25/2016,16:27:46
"Text","046",11/25/2016,16:27:42
"Text","047",11/25/2016,16:27:33
"Text","048",11/25/2016,16:27:28
"Text","050",11/25/2016,16:27:24
"Text","051",11/25/2016,16:27:19
"Text","052",11/25/2016,16:27:10
"Text","053",11/25/2016,16:27:04
"Text","054",11/25/2016,16:26:58
"Text","074",11/25/2016,16:26:48
"Text","075",11/25/2016,16:26:43
"Text","076",11/25/2016,16:26:08
"Text","067",11/25/2016,16:25:59
"Text","066",11/25/2016,16:25:52
"Text","065",11/25/2016,16:25:46
"Text","064",11/25/2016,16:25:42
"Text","176",11/25/2016,16:25:20
"Text","176",11/25/2016,16:25:19
"Text","175",11/25/2016,16:25:10
"Text","086",11/25/2016,16:25:06
"Text","084",11/25/2016,16:25:00
"Text","083",11/25/2016,16:24:53
"Text","085",11/25/2016,16:24:46
"Text","194",11/25/2016,16:24:40
"Text","193",11/25/2016,16:24:36
"Text","192",11/25/2016,16:24:32
"Text","191",11/25/2016,16:24:28
"Text","035",11/25/2016,16:24:14
"Text","034",11/25/2016,16:24:07
"Text","024",11/25/2016,16:24:01
"Text","190",11/25/2016,16:23:57
"Text","189",11/25/2016,16:23:52
"Text","188",11/25/2016,16:23:48
"Text","187",11/25/2016,16:23:42
"Text","186",11/25/2016,16:23:37
"Text","185",11/25/2016,16:23:32
"Text","184",11/25/2016,16:23:28
"Text","183",11/25/2016,16:23:24
"Text","088",11/25/2016,16:23:16
"Text","087",11/25/2016,16:23:11
"Text","086",11/25/2016,16:23:05
"Text","084",11/25/2016,16:22:59
"Text","083",11/25/2016,16:22:42
"Text","082",11/25/2016,16:22:36
"Text","079",11/25/2016,16:22:31
"Text","078",11/25/2016,16:22:17
"Text","077",11/25/2016,16:22:09
"Text","067",11/25/2016,16:21:57
"Text","068",11/25/2016,16:18:27
